portal_id,source_page,circular_number,circular_date,subject,file,sha256,status,notes
34435,https://portaleservices.moj.gov.sa/TameemPortal/TameemList.aspx?id=34435,,,,,,no_pdf_found,no downloadable PDF attachment detected
34438,https://portaleservices.moj.gov.sa/TameemPortal/TameemList.aspx?id=34438,,,,,,no_pdf_found,no downloadable PDF attachment detected
34477,https://portaleservices.moj.gov.sa/TameemPortal/TameemList.aspx?id=34477,,,,,,no_pdf_found,no downloadable PDF attachment detected
34499,https://portaleservices.moj.gov.sa/TameemPortal/TameemList.aspx?id=34499,,,,,,no_pdf_found,no downloadable PDF attachment detected
34536,https://portaleservices.moj.gov.sa/TameemPortal/TameemList.aspx?id=34536,,,,,,no_pdf_found,no downloadable PDF attachment detected
34616,https://portaleservices.moj.gov.sa/TameemPortal/TameemList.aspx?id=34616,,,,,,no_pdf_found,no downloadable PDF attachment detected
34699,https://portaleservices.moj.gov.sa/TameemPortal/TameemList.aspx?id=34699,,,,,,no_pdf_found,no downloadable PDF attachment detected
35019,https://portaleservices.moj.gov.sa/TameemPortal/TameemList.aspx?id=35019,,,,,,no_pdf_found,no downloadable PDF attachment detected
35298,https://portaleservices.moj.gov.sa/TameemPortal/TameemList.aspx?id=35298,,,,,,no_pdf_found,no downloadable PDF attachment detected
35475,https://portaleservices.moj.gov.sa/TameemPortal/TameemList.aspx?id=35475,,,,,,no_pdf_found,no downloadable PDF attachment detected
35478,https://portaleservices.moj.gov.sa/TameemPortal/TameemList.aspx?id=35478,,,,,,no_pdf_found,no downloadable PDF attachment detected
35499,https://portaleservices.moj.gov.sa/TameemPortal/TameemList.aspx?id=35499,,,,,,no_pdf_found,no downloadable PDF attachment detected
35567,https://portaleservices.moj.gov.sa/TameemPortal/TameemList.aspx?id=35567,,,,,,no_pdf_found,no downloadable PDF attachment detected
35597,https://portaleservices.moj.gov.sa/TameemPortal/TameemList.aspx?id=35597,,,,,,no_pdf_found,no downloadable PDF attachment detected
35640,https://portaleservices.moj.gov.sa/TameemPortal/TameemList.aspx?id=35640,,,,,,no_pdf_found,no downloadable PDF attachment detected
35711,https://portaleservices.moj.gov.sa/TameemPortal/TameemList.aspx?id=35711,,,,,,no_pdf_found,no downloadable PDF attachment detected
35755,https://portaleservices.moj.gov.sa/TameemPortal/TameemList.aspx?id=35755,,,,,,no_pdf_found,no downloadable PDF attachment detected
35773,https://portaleservices.moj.gov.sa/TameemPortal/TameemList.aspx?id=35773,,,,,,no_pdf_found,no downloadable PDF attachment detected
35782,https://portaleservices.moj.gov.sa/TameemPortal/TameemList.aspx?id=35782,,,,,,no_pdf_found,no downloadable PDF attachment detected
35800,https://portaleservices.moj.gov.sa/TameemPortal/TameemList.aspx?id=35800,,,,,,no_pdf_found,no downloadable PDF attachment detected
35801,https://portaleservices.moj.gov.sa/TameemPortal/TameemList.aspx?id=35801,,,,,,no_pdf_found,no downloadable PDF attachment detected
35889,https://portaleservices.moj.gov.sa/TameemPortal/TameemList.aspx?id=35889,,,,,,no_pdf_found,no downloadable PDF attachment detected
36126,https://portaleservices.moj.gov.sa/TameemPortal/TameemList.aspx?id=36126,,,,,,no_pdf_found,no downloadable PDF attachment detected
36137,https://portaleservices.moj.gov.sa/TameemPortal/TameemList.aspx?id=36137,,,,,,no_pdf_found,no downloadable PDF attachment detected
36146,https://portaleservices.moj.gov.sa/TameemPortal/TameemList.aspx?id=36146,,,,,,no_pdf_found,no downloadable PDF attachment detected
36187,https://portaleservices.moj.gov.sa/TameemPortal/TameemList.aspx?id=36187,,,,,,no_pdf_found,no downloadable PDF attachment detected
36314,https://portaleservices.moj.gov.sa/TameemPortal/TameemList.aspx?id=36314,,,,,,no_pdf_found,no downloadable PDF attachment detected
36387,https://portaleservices.moj.gov.sa/TameemPortal/TameemList.aspx?id=36387,,,,,,no_pdf_found,no downloadable PDF attachment detected
36429,https://portaleservices.moj.gov.sa/TameemPortal/TameemList.aspx?id=36429,,,,,,no_pdf_found,no downloadable PDF attachment detected
36575,https://portaleservices.moj.gov.sa/TameemPortal/TameemList.aspx?id=36575,,,,,,no_pdf_found,no downloadable PDF attachment detected
36585,https://portaleservices.moj.gov.sa/TameemPortal/TameemList.aspx?id=36585,,,,,,no_pdf_found,no downloadable PDF attachment detected
36601,https://portaleservices.moj.gov.sa/TameemPortal/TameemList.aspx?id=36601,,,,,,no_pdf_found,no downloadable PDF attachment detected
36618,https://portaleservices.moj.gov.sa/TameemPortal/TameemList.aspx?id=36618,,,,,,no_pdf_found,no downloadable PDF attachment detected
36622,https://portaleservices.moj.gov.sa/TameemPortal/TameemList.aspx?id=36622,,,,,,no_pdf_found,no downloadable PDF attachment detected
36649,https://portaleservices.moj.gov.sa/TameemPortal/TameemList.aspx?id=36649,,,,,,no_pdf_found,no downloadable PDF attachment detected
36804,https://portaleservices.moj.gov.sa/TameemPortal/TameemList.aspx?id=36804,,,,,,no_pdf_found,no downloadable PDF attachment detected
36825,https://portaleservices.moj.gov.sa/TameemPortal/TameemList.aspx?id=36825,,,,,,no_pdf_found,no downloadable PDF attachment detected
36859,https://portaleservices.moj.gov.sa/TameemPortal/TameemList.aspx?id=36859,,,,,,no_pdf_found,no downloadable PDF attachment detected
36956,https://portaleservices.moj.gov.sa/TameemPortal/TameemList.aspx?id=36956,,,,,,no_pdf_found,no downloadable PDF attachment detected
36987,https://portaleservices.moj.gov.sa/TameemPortal/TameemList.aspx?id=36987,,,,,,no_pdf_found,no downloadable PDF attachment detected
36995,https://portaleservices.moj.gov.sa/TameemPortal/TameemList.aspx?id=36995,,,,,,no_pdf_found,no downloadable PDF attachment detected
37023,https://portaleservices.moj.gov.sa/TameemPortal/TameemList.aspx?id=37023,,,,,,no_pdf_found,no downloadable PDF attachment detected
37034,https://portaleservices.moj.gov.sa/TameemPortal/TameemList.aspx?id=37034,,,,,,no_pdf_found,no downloadable PDF attachment detected
37098,https://portaleservices.moj.gov.sa/TameemPortal/TameemList.aspx?id=37098,,,,,,no_pdf_found,no downloadable PDF attachment detected
37188,https://portaleservices.moj.gov.sa/TameemPortal/TameemList.aspx?id=37188,,,,,,no_pdf_found,no downloadable PDF attachment detected
37190,https://portaleservices.moj.gov.sa/TameemPortal/TameemList.aspx?id=37190,,,,,,no_pdf_found,no downloadable PDF attachment detected
37191,https://portaleservices.moj.gov.sa/TameemPortal/TameemList.aspx?id=37191,,,,,,no_pdf_found,no downloadable PDF attachment detected
37203,https://portaleservices.moj.gov.sa/TameemPortal/TameemList.aspx?id=37203,,,,,,no_pdf_found,no downloadable PDF attachment detected
37299,https://portaleservices.moj.gov.sa/TameemPortal/TameemList.aspx?id=37299,,,,,,no_pdf_found,no downloadable PDF attachment detected
37339,https://portaleservices.moj.gov.sa/TameemPortal/TameemList.aspx?id=37339,,,,,,no_pdf_found,no downloadable PDF attachment detected
37354,https://portaleservices.moj.gov.sa/TameemPortal/TameemList.aspx?id=37354,,,,,,no_pdf_found,no downloadable PDF attachment detected
37366,https://portaleservices.moj.gov.sa/TameemPortal/TameemList.aspx?id=37366,,,,,,no_pdf_found,no downloadable PDF attachment detected
37381,https://portaleservices.moj.gov.sa/TameemPortal/TameemList.aspx?id=37381,,,,,,no_pdf_found,no downloadable PDF attachment detected
37403,https://portaleservices.moj.gov.sa/TameemPortal/TameemList.aspx?id=37403,,,,,,no_pdf_found,no downloadable PDF attachment detected
37430,https://portaleservices.moj.gov.sa/TameemPortal/TameemList.aspx?id=37430,,,,,,no_pdf_found,no downloadable PDF attachment detected
37432,https://portaleservices.moj.gov.sa/TameemPortal/TameemList.aspx?id=37432,,,,,,no_pdf_found,no downloadable PDF attachment detected
37448,https://portaleservices.moj.gov.sa/TameemPortal/TameemList.aspx?id=37448,,,,,,no_pdf_found,no downloadable PDF attachment detected
37455,https://portaleservices.moj.gov.sa/TameemPortal/TameemList.aspx?id=37455,,,,,,no_pdf_found,no downloadable PDF attachment detected
37461,https://portaleservices.moj.gov.sa/TameemPortal/TameemList.aspx?id=37461,,,,,,no_pdf_found,no downloadable PDF attachment detected
37467,https://portaleservices.moj.gov.sa/TameemPortal/TameemList.aspx?id=37467,,,,,,no_pdf_found,no downloadable PDF attachment detected
37472,https://portaleservices.moj.gov.sa/TameemPortal/TameemList.aspx?id=37472,,,,,,no_pdf_found,no downloadable PDF attachment detected
37484,https://portaleservices.moj.gov.sa/TameemPortal/TameemList.aspx?id=37484,,,,,,no_pdf_found,no downloadable PDF attachment detected
37485,https://portaleservices.moj.gov.sa/TameemPortal/TameemList.aspx?id=37485,,,,,,no_pdf_found,no downloadable PDF attachment detected
37515,https://portaleservices.moj.gov.sa/TameemPortal/TameemList.aspx?id=37515,,,,,,no_pdf_found,no downloadable PDF attachment detected
37516,https://portaleservices.moj.gov.sa/TameemPortal/TameemList.aspx?id=37516,,,,,,no_pdf_found,no downloadable PDF attachment detected
37525,https://portaleservices.moj.gov.sa/TameemPortal/TameemList.aspx?id=37525,,,,,,no_pdf_found,no downloadable PDF attachment detected
37529,https://portaleservices.moj.gov.sa/TameemPortal/TameemList.aspx?id=37529,,,,,,no_pdf_found,no downloadable PDF attachment detected
37536,https://portaleservices.moj.gov.sa/TameemPortal/TameemList.aspx?id=37536,,,,,,no_pdf_found,no downloadable PDF attachment detected
37571,https://portaleservices.moj.gov.sa/TameemPortal/TameemList.aspx?id=37571,,,,,,no_pdf_found,no downloadable PDF attachment detected
37573,https://portaleservices.moj.gov.sa/TameemPortal/TameemList.aspx?id=37573,,,,,,no_pdf_found,no downloadable PDF attachment detected
37585,https://portaleservices.moj.gov.sa/TameemPortal/TameemList.aspx?id=37585,,,,,,no_pdf_found,no downloadable PDF attachment detected
37591,https://portaleservices.moj.gov.sa/TameemPortal/TameemList.aspx?id=37591,,,,,,no_pdf_found,no downloadable PDF attachment detected
37596,https://portaleservices.moj.gov.sa/TameemPortal/TameemList.aspx?id=37596,,,,,,no_pdf_found,no downloadable PDF attachment detected
37611,https://portaleservices.moj.gov.sa/TameemPortal/TameemList.aspx?id=37611,,,,,,no_pdf_found,no downloadable PDF attachment detected
37613,https://portaleservices.moj.gov.sa/TameemPortal/TameemList.aspx?id=37613,,,,,,no_pdf_found,no downloadable PDF attachment detected
37631,https://portaleservices.moj.gov.sa/TameemPortal/TameemList.aspx?id=37631,,,,,,no_pdf_found,no downloadable PDF attachment detected
37644,https://portaleservices.moj.gov.sa/TameemPortal/TameemList.aspx?id=37644,,,,,,no_pdf_found,no downloadable PDF attachment detected
37664,https://portaleservices.moj.gov.sa/TameemPortal/TameemList.aspx?id=37664,,,,,,no_pdf_found,no downloadable PDF attachment detected
37676,https://portaleservices.moj.gov.sa/TameemPortal/TameemList.aspx?id=37676,,,,,,no_pdf_found,no downloadable PDF attachment detected
37730,https://portaleservices.moj.gov.sa/TameemPortal/TameemList.aspx?id=37730,,,,,,no_pdf_found,no downloadable PDF attachment detected
37752,https://portaleservices.moj.gov.sa/TameemPortal/TameemList.aspx?id=37752,,,,,,no_pdf_found,no downloadable PDF attachment detected
37754,https://portaleservices.moj.gov.sa/TameemPortal/TameemList.aspx?id=37754,,,,,,no_pdf_found,no downloadable PDF attachment detected
37784,https://portaleservices.moj.gov.sa/TameemPortal/TameemList.aspx?id=37784,,,,,,no_pdf_found,no downloadable PDF attachment detected
37819,https://portaleservices.moj.gov.sa/TameemPortal/TameemList.aspx?id=37819,,,,,,no_pdf_found,no downloadable PDF attachment detected
37832,https://portaleservices.moj.gov.sa/TameemPortal/TameemList.aspx?id=37832,,,,,,no_pdf_found,no downloadable PDF attachment detected
37840,https://portaleservices.moj.gov.sa/TameemPortal/TameemList.aspx?id=37840,,,,,,no_pdf_found,no downloadable PDF attachment detected
37844,https://portaleservices.moj.gov.sa/TameemPortal/TameemList.aspx?id=37844,,,,,,no_pdf_found,no downloadable PDF attachment detected
37867,https://portaleservices.moj.gov.sa/TameemPortal/TameemList.aspx?id=37867,,,,,,no_pdf_found,no downloadable PDF attachment detected
37869,https://portaleservices.moj.gov.sa/TameemPortal/TameemList.aspx?id=37869,,,,,,no_pdf_found,no downloadable PDF attachment detected
37871,https://portaleservices.moj.gov.sa/TameemPortal/TameemList.aspx?id=37871,,,,,,no_pdf_found,no downloadable PDF attachment detected
37908,https://portaleservices.moj.gov.sa/TameemPortal/TameemList.aspx?id=37908,,,,,,no_pdf_found,no downloadable PDF attachment detected
37951,https://portaleservices.moj.gov.sa/TameemPortal/TameemList.aspx?id=37951,,,,,,no_pdf_found,no downloadable PDF attachment detected
37964,https://portaleservices.moj.gov.sa/TameemPortal/TameemList.aspx?id=37964,,,,,,no_pdf_found,no downloadable PDF attachment detected
37965,https://portaleservices.moj.gov.sa/TameemPortal/TameemList.aspx?id=37965,,,,,,no_pdf_found,no downloadable PDF attachment detected
38006,https://portaleservices.moj.gov.sa/TameemPortal/TameemList.aspx?id=38006,,,,,,no_pdf_found,no downloadable PDF attachment detected
38020,https://portaleservices.moj.gov.sa/TameemPortal/TameemList.aspx?id=38020,,,,,,no_pdf_found,no downloadable PDF attachment detected
38023,https://portaleservices.moj.gov.sa/TameemPortal/TameemList.aspx?id=38023,,,,,,no_pdf_found,no downloadable PDF attachment detected
38050,https://portaleservices.moj.gov.sa/TameemPortal/TameemList.aspx?id=38050,,,,,,no_pdf_found,no downloadable PDF attachment detected
38059,https://portaleservices.moj.gov.sa/TameemPortal/TameemList.aspx?id=38059,,,,,,no_pdf_found,no downloadable PDF attachment detected
38070,https://portaleservices.moj.gov.sa/TameemPortal/TameemList.aspx?id=38070,,,,,,no_pdf_found,no downloadable PDF attachment detected
38072,https://portaleservices.moj.gov.sa/TameemPortal/TameemList.aspx?id=38072,,,,,,no_pdf_found,no downloadable PDF attachment detected
38076,https://portaleservices.moj.gov.sa/TameemPortal/TameemList.aspx?id=38076,,,,,,no_pdf_found,no downloadable PDF attachment detected
38096,https://portaleservices.moj.gov.sa/TameemPortal/TameemList.aspx?id=38096,,,,,,no_pdf_found,no downloadable PDF attachment detected
38101,https://portaleservices.moj.gov.sa/TameemPortal/TameemList.aspx?id=38101,,,,,,no_pdf_found,no downloadable PDF attachment detected
38110,https://portaleservices.moj.gov.sa/TameemPortal/TameemList.aspx?id=38110,,,,,,no_pdf_found,no downloadable PDF attachment detected
38113,https://portaleservices.moj.gov.sa/TameemPortal/TameemList.aspx?id=38113,,,,,,no_pdf_found,no downloadable PDF attachment detected
38124,https://portaleservices.moj.gov.sa/TameemPortal/TameemList.aspx?id=38124,,,,,,no_pdf_found,no downloadable PDF attachment detected
38132,https://portaleservices.moj.gov.sa/TameemPortal/TameemList.aspx?id=38132,,,,,,no_pdf_found,no downloadable PDF attachment detected
38133,https://portaleservices.moj.gov.sa/TameemPortal/TameemList.aspx?id=38133,,,,,,no_pdf_found,no downloadable PDF attachment detected
38164,https://portaleservices.moj.gov.sa/TameemPortal/TameemList.aspx?id=38164,,,,,,no_pdf_found,no downloadable PDF attachment detected
38177,https://portaleservices.moj.gov.sa/TameemPortal/TameemList.aspx?id=38177,,,,,,no_pdf_found,no downloadable PDF attachment detected
38203,https://portaleservices.moj.gov.sa/TameemPortal/TameemList.aspx?id=38203,,,,,,no_pdf_found,no downloadable PDF attachment detected
38218,https://portaleservices.moj.gov.sa/TameemPortal/TameemList.aspx?id=38218,,,,,,no_pdf_found,no downloadable PDF attachment detected
38229,https://portaleservices.moj.gov.sa/TameemPortal/TameemList.aspx?id=38229,,,,,,no_pdf_found,no downloadable PDF attachment detected
38236,https://portaleservices.moj.gov.sa/TameemPortal/TameemList.aspx?id=38236,,,,,,no_pdf_found,no downloadable PDF attachment detected
38241,https://portaleservices.moj.gov.sa/TameemPortal/TameemList.aspx?id=38241,,,,,,no_pdf_found,no downloadable PDF attachment detected
38252,https://portaleservices.moj.gov.sa/TameemPortal/TameemList.aspx?id=38252,,,,,,no_pdf_found,no downloadable PDF attachment detected
38253,https://portaleservices.moj.gov.sa/TameemPortal/TameemList.aspx?id=38253,,,,,,no_pdf_found,no downloadable PDF attachment detected
38266,https://portaleservices.moj.gov.sa/TameemPortal/TameemList.aspx?id=38266,,,,,,no_pdf_found,no downloadable PDF attachment detected
38315,https://portaleservices.moj.gov.sa/TameemPortal/TameemList.aspx?id=38315,,,,,,no_pdf_found,no downloadable PDF attachment detected
38342,https://portaleservices.moj.gov.sa/TameemPortal/TameemList.aspx?id=38342,,,,,,no_pdf_found,no downloadable PDF attachment detected
38377,https://portaleservices.moj.gov.sa/TameemPortal/TameemList.aspx?id=38377,,,,,,no_pdf_found,no downloadable PDF attachment detected
38399,https://portaleservices.moj.gov.sa/TameemPortal/TameemList.aspx?id=38399,,,,,,no_pdf_found,no downloadable PDF attachment detected
38401,https://portaleservices.moj.gov.sa/TameemPortal/TameemList.aspx?id=38401,,,,,,no_pdf_found,no downloadable PDF attachment detected
38518,https://portaleservices.moj.gov.sa/TameemPortal/TameemList.aspx?id=38518,,,,,,no_pdf_found,no downloadable PDF attachment detected
38535,https://portaleservices.moj.gov.sa/TameemPortal/TameemList.aspx?id=38535,,,,,,no_pdf_found,no downloadable PDF attachment detected
38559,https://portaleservices.moj.gov.sa/TameemPortal/TameemList.aspx?id=38559,,,,,,no_pdf_found,no downloadable PDF attachment detected
38568,https://portaleservices.moj.gov.sa/TameemPortal/TameemList.aspx?id=38568,,,,,,no_pdf_found,no downloadable PDF attachment detected
38605,https://portaleservices.moj.gov.sa/TameemPortal/TameemList.aspx?id=38605,,,,,,no_pdf_found,no downloadable PDF attachment detected
38726,https://portaleservices.moj.gov.sa/TameemPortal/TameemList.aspx?id=38726,,,,,,no_pdf_found,no downloadable PDF attachment detected
