candidate_id,source_file,start_page,end_page,reference_field,reference_value,text_sha256,reason,related_record_ids
collector-1434-v14-p174-33300169,moj-judgments-1434-volume-14.pdf,174,180,deedNumber,33300169,a7b43f8ea84b1fa2838c8878a016dfffb2af07c309a92826c2281e31c9295c82,shared_reference_distinct_text_pending_review,collector-1434-v14-p174-33300169;collector-1434-v14-p191-33300169
collector-1434-v14-p191-33300169,moj-judgments-1434-volume-14.pdf,191,211,deedNumber,33300169,f8a1250e774eb324205a261f80e187f735abb202c349a22c3158e711e9e27199,shared_reference_distinct_text_pending_review,collector-1434-v14-p174-33300169;collector-1434-v14-p191-33300169
collector-1434-v19-p227-3422718,moj-judgments-1434-volume-19.pdf,227,231,deedNumber,3422718,2cf05005f6559131fcc367f2f870b26436fc3ff2c576cff5114184e55842c1fb,shared_reference_distinct_text_pending_review,collector-1434-v19-p227-3422718;collector-1434-v23-p291-3422718
collector-1434-v23-p291-3422718,moj-judgments-1434-volume-23.pdf,291,293,deedNumber,3422718,95a5c43ebb9cd146454d8cd414da5309e02aefae01daff6ad1a2b7c21212bb8b,shared_reference_distinct_text_pending_review,collector-1434-v19-p227-3422718;collector-1434-v23-p291-3422718
collector-1434-v16-p341-3435983,moj-judgments-1434-volume-16.pdf,341,344,deedNumber,3435983,fe4395e559e9ccf9116ee8beb2c8e59dba86d09fa8b463678bd79959abda8ed2,shared_reference_distinct_text_pending_review,collector-1434-v16-p341-3435983;collector-1434-v16-p345-3435983
collector-1434-v16-p345-3435983,moj-judgments-1434-volume-16.pdf,345,354,deedNumber,3435983,82570e93be6abc2f1f428bec2d95781dfad31d17857cdda616039267ac996c43,shared_reference_distinct_text_pending_review,collector-1434-v16-p341-3435983;collector-1434-v16-p345-3435983
collector-1434-v7-p14-34356258,moj-judgments-1434-volume-7.pdf,14,24,lawsuitNumber,33306860,c7fb72a5f6bb8162155f6ace0d883ee746ca69eae797bb4b4b195e98b1697c09,shared_reference_distinct_text_pending_review,collector-1434-v7-p14-34356258;collector-1435-v4-p394-33306860
collector-1435-v4-p394-33306860,moj-judgments-1435-volume-4.pdf,394,401,lawsuitNumber,33306860,7a71fbba1f74dcb9b1a9a4b2029b613d7cb9e36a7bc144479ff14f87976dc3d5,shared_reference_distinct_text_pending_review,collector-1434-v7-p14-34356258;collector-1435-v4-p394-33306860
collector-1434-v12-p230-34343086,moj-judgments-1434-volume-12.pdf,230,236,lawsuitNumber,33704224,d48aeff79833723340ef23fccbab1e4dce67f5b5015506c550263cf847a3fe48,shared_reference_distinct_text_pending_review,collector-1434-v12-p230-34343086;collector-1435-v9-p250-33704224
collector-1435-v9-p250-33704224,moj-judgments-1435-volume-9.pdf,250,254,lawsuitNumber,33704224,7e27938f9a8837d42a2f455310da446e553150de92af2ea73bd051608d7c3d11,shared_reference_distinct_text_pending_review,collector-1434-v12-p230-34343086;collector-1435-v9-p250-33704224
collector-1434-v8-p322-34290714,moj-judgments-1434-volume-8.pdf,322,329,lawsuitNumber,34239134,da8ed8cd297c351db253b4767fdc3e93ecd2f1890163ff39ed853cf23334120e,shared_reference_distinct_text_pending_review,collector-1434-v8-p322-34290714;collector-1435-v4-p136-34239134
collector-1435-v4-p136-34239134,moj-judgments-1435-volume-4.pdf,136,140,lawsuitNumber,34239134,0548691a3758517f6efa207516137f9375b2a4d4a488b4f94da2ff5b2e391b98,shared_reference_distinct_text_pending_review,collector-1434-v8-p322-34290714;collector-1435-v4-p136-34239134
collector-1434-v7-p331-34324759,moj-judgments-1434-volume-7.pdf,331,343,lawsuitNumber,3426387,cd78722f46b423332adfcfe84b1ce1ea2eaba92847e5c302529a9c78ee2fb42f,shared_reference_distinct_text_pending_review,collector-1434-v7-p331-34324759;collector-1435-v4-p428-3426387
collector-1435-v4-p428-3426387,moj-judgments-1435-volume-4.pdf,428,436,lawsuitNumber,3426387,4d3b940d4a82af02cb4a763942ee9cf2f5658ee4161026b8ca451a9d3a351d3a,shared_reference_distinct_text_pending_review,collector-1434-v7-p331-34324759;collector-1435-v4-p428-3426387
collector-1434-v16-p283-34363365,moj-judgments-1434-volume-16.pdf,283,289,lawsuitNumber,34277828,32cb6b5f4f14405cedc22580fefd5f353a39cf12016433bbdc8c658397fc0a6a,shared_reference_distinct_text_pending_review,collector-1434-v16-p283-34363365;collector-1434-v22-p154-34251498
collector-1434-v22-p154-34251498,moj-judgments-1434-volume-22.pdf,154,160,lawsuitNumber,34277828,f11b83b0550a42b3cea87eb2e14cbfafc89babb0896ab31b401f7b92888b51ec,shared_reference_distinct_text_pending_review,collector-1434-v16-p283-34363365;collector-1434-v22-p154-34251498
collector-1434-v11-p196-34249215,moj-judgments-1434-volume-11.pdf,196,202,lawsuitNumber,3430357,36e88bbd3677041f3b1d8cdeac55a6d15a1f52dee47914091caefad753f77029,shared_reference_distinct_text_pending_review,collector-1434-v11-p196-34249215;collector-1434-v11-p285-34205797
collector-1434-v11-p285-34205797,moj-judgments-1434-volume-11.pdf,285,292,lawsuitNumber,3430357,1ab892a7fc2ba7cc6df9f8477117bf195c340c33b636eaf63dbfd990451dee29,shared_reference_distinct_text_pending_review,collector-1434-v11-p196-34249215;collector-1434-v11-p285-34205797
collector-1435-v13-p118-34340717,moj-judgments-1435-volume-13.pdf,118,120,lawsuitNumber,34340717,72938c0efa63694f9c3b8c14c537fd11fc3018a458899c66790fd2f992d0d78b,shared_reference_distinct_text_pending_review,collector-1435-v13-p118-34340717;collector-1435-v13-p344-34340717
collector-1435-v13-p344-34340717,moj-judgments-1435-volume-13.pdf,344,346,lawsuitNumber,34340717,a4920d045f61230c34e6e17e57567de9c38d46a80c40c5f5bd72dd6b01377912,shared_reference_distinct_text_pending_review,collector-1435-v13-p118-34340717;collector-1435-v13-p344-34340717
collector-1434-v28-p275-34496030,moj-judgments-1434-volume-28.pdf,275,280,lawsuitNumber,34496030,61bf4bbb6821305edfb0e4c79c522a113b2f78bee51ebae7d50b7607bfbe63c8,shared_reference_distinct_text_pending_review,collector-1434-v28-p275-34496030;collector-1435-v13-p395-34496030
collector-1435-v13-p395-34496030,moj-judgments-1435-volume-13.pdf,395,397,lawsuitNumber,34496030,f1fae9126b890ffc462a7449a03fe83ce981878985643232bfd28503ca8528d2,shared_reference_distinct_text_pending_review,collector-1434-v28-p275-34496030;collector-1435-v13-p395-34496030
collector-1434-v4-p254-341487757,moj-judgments-1434-volume-4.pdf,254,255,lawsuitNumber,3494221,54673b8e13a8358ae94ff7d9f2f2f8e4bdc1fe7c747e813e5ef9e2482fcb2224,shared_reference_distinct_text_pending_review,collector-1434-v4-p254-341487757;collector-1435-v4-p238-3494221
collector-1435-v4-p238-3494221,moj-judgments-1435-volume-4.pdf,238,243,lawsuitNumber,3494221,6727d282dc312011667a80473a5db64c4b27f8489d671ed2ebe7ce52aa6a5876,shared_reference_distinct_text_pending_review,collector-1434-v4-p254-341487757;collector-1435-v4-p238-3494221
