candidate_id,source_record_number,source_filename,text_sha256,related_record_ids,match_method,disposition
telegram-linked-precedent-a5a0053990a0fc6ec7d82d58,85,المدونة 20.pdf,667cd83e09264ba431b032a1ec54c78c42e73e74050e3afd8b623c87d0553065,telegram-linked-precedent-f2ea8d2d0345f42ee318ad9f,exact_normalized_text,retain_incoming_output_and_review_do_not_promote
telegram-linked-precedent-e39cf8204807954d2a6b6fe7,86,المدونة 20.pdf,21f747d2ce2f7268f569978f29c6cc336adfdb3fb1ebaf0bb5ca73e2fb916586,telegram-linked-precedent-846329b7fea4adff6cb4bb96,exact_normalized_text,retain_incoming_output_and_review_do_not_promote
telegram-linked-precedent-844b3f71f020333d0f7d3d87,87,المدونة 20.pdf,59e82cf5420986674f0a5c27d85cf89b8794a812f4fa1a2da0c2a586ad714618,telegram-linked-precedent-2374c6a9e60a84d00ce92d37,exact_normalized_text,retain_incoming_output_and_review_do_not_promote
telegram-linked-precedent-02e2f0527d795a2b4933d3b0,88,المدونة 20.pdf,55580f625d029f859eee0308aef83624ba78303f9aca521b4f90ecdf814974c7,telegram-linked-precedent-df35f73c7382f4a4a12c3742,exact_normalized_text,retain_incoming_output_and_review_do_not_promote
telegram-linked-precedent-623353d10b02686cec969774,89,المدونة 20.pdf,c0e7b2ce56dc98e16f82205b8a3e0fe36b4016d8cf899497cb28b11879c8d8bc,telegram-linked-precedent-09cad098006bf8591d2cfbc6,exact_normalized_text,retain_incoming_output_and_review_do_not_promote
telegram-linked-precedent-f0ade3d55d1910aa20100d8f,90,المدونة 20.pdf,baff4220f7528dc761bbf27e5ab14dbc430e2dfd64498eb2ffb13742319c893a,telegram-linked-precedent-c63c287190c1139116641f97,exact_normalized_text,retain_incoming_output_and_review_do_not_promote
telegram-linked-precedent-8ccc5afc1caec88f0d7580fd,91,المدونة 20.pdf,83d981d5250abb1cbec3aef39ac53c85ee957730f46ed2227597ae35ed8f436d,telegram-linked-precedent-4e4dd5becad1653044217e8a,exact_normalized_text,retain_incoming_output_and_review_do_not_promote
telegram-linked-precedent-10027882ce8db08d91417d3c,92,المدونة 20.pdf,0855bbd48d081d5783a2c118bcc9b084d1ff229bccf1e9bd8bcf6d686d8e1f2b,telegram-linked-precedent-0cf7e572b2f8fd186bad4dd5,exact_normalized_text,retain_incoming_output_and_review_do_not_promote
telegram-linked-precedent-435140e05324c638a4f27c96,93,المدونة 20.pdf,74d30595bbd6edc90e5b65539d8bc970e0c6ed71ef08055cda3ab1976e0d9519,telegram-linked-precedent-d752e3ebbe3237b2ed2a99f7,exact_normalized_text,retain_incoming_output_and_review_do_not_promote
telegram-linked-precedent-b050fb87ec7d84483b114b12,94,المدونة 20.pdf,896d830b0964beb53d3d61d6912fe991046ef60200eb70b23c86d25e5b0ca42e,telegram-linked-precedent-30c932a4a130c20941fac7d9,exact_normalized_text,retain_incoming_output_and_review_do_not_promote
telegram-linked-precedent-c1dba1f0a72194c8145f848f,95,المدونة 20.pdf,a8bf89df9a9ff17e616562466bfe0057d78d74c2c11b26fdccee4e7c5a732f4c,telegram-linked-precedent-d4a53d6a2844c33ef8e3122a,exact_normalized_text,retain_incoming_output_and_review_do_not_promote
telegram-linked-precedent-6cba35915b3b46726f3b485b,96,المدونة 20.pdf,f1c161537caf9de9aa90311a06f860c14beccc57e19511655a1a29d2baf7206a,telegram-linked-precedent-88fcfa0e9524065565150d46,exact_normalized_text,retain_incoming_output_and_review_do_not_promote
telegram-linked-precedent-e46bb0bb52103c1ab04a42bd,97,المدونة 20.pdf,48510c8e00c656d02bf42459247a0656ffccacb48d7a0ec7bfabef9cc75cb4f1,telegram-linked-precedent-176e79fb0218349794134485,exact_normalized_text,retain_incoming_output_and_review_do_not_promote
telegram-linked-precedent-0b5cf6baf19b63e8e4491fc6,98,المدونة 20.pdf,cf1437827a7d178a9edf361c0914dbcbc309d43ef5c46f8d664630b963ca6432,telegram-linked-precedent-bd1936995355f40454abbe1f,exact_normalized_text,retain_incoming_output_and_review_do_not_promote
telegram-linked-precedent-47c1345522c0a531a0e99d93,99,المدونة 20.pdf,fa3fc81e0e2d373d934c369c54d0fb139cf91e9d67d9870ef5344438468e6664,telegram-linked-precedent-80595400a3a76510b3119ff9,exact_normalized_text,retain_incoming_output_and_review_do_not_promote
telegram-linked-precedent-4f2bc26212b591ba1a6dbd14,100,المدونة 20.pdf,1fc6b5fd8222e91004488469c64a15dbf7f8f05a1ef9a73c8345e98cf56bf392,telegram-linked-precedent-42b4bf6adcf48cc5e355ab1a,exact_normalized_text,retain_incoming_output_and_review_do_not_promote
telegram-linked-precedent-5d4dc186b266dce3a1782340,101,المدونة 20.pdf,d8888de622e82251cab247ba8ec58e1c47ddfeb4fcd06180e2cb7667f601d906,telegram-linked-precedent-86748d9f2e5872181574a4fc,exact_normalized_text,retain_incoming_output_and_review_do_not_promote
telegram-linked-precedent-0a0f0a30488dac91820da620,102,المدونة 20.pdf,476e8140e4282712a04ed3683aa90f4118f0149d5207545a399f8a6bea2b8b7c,telegram-linked-precedent-e4adeb566a23398582885553,exact_normalized_text,retain_incoming_output_and_review_do_not_promote
telegram-linked-precedent-90b9c3fbaf62c9a86c0ae6fd,103,المدونة 20.pdf,73306694761c02f30ef773446ff742443a54477d89777291f27fa2ee56af6dd4,telegram-linked-precedent-da2b44a76833d9749ed38a38,exact_normalized_text,retain_incoming_output_and_review_do_not_promote
telegram-linked-precedent-c7e9073edd00717f1086ba71,104,المدونة 20.pdf,34863549d6ebf3507f4d38e47a5fd27541cb8b0eb55661d8342775317b30ea78,telegram-linked-precedent-4e8207b63d69435b0a3c6782,exact_normalized_text,retain_incoming_output_and_review_do_not_promote
telegram-linked-precedent-0ee96c5948fa659898951053,105,المدونة 20.pdf,7a3bd8737406884adda59a3ccc9cc25feffbffdfd4d38db68b87ad272d7ac278,telegram-linked-precedent-0667449c9db29105d83d0813,exact_normalized_text,retain_incoming_output_and_review_do_not_promote
telegram-linked-precedent-32b0b2f74fd2d612dccab28c,106,المدونة 20.pdf,d0f54ba256b6c34ee5ec1c10375ea32159197d3291e751079ae32bb7e9d5f4a9,telegram-linked-precedent-6c61b3f9d8db69eada4335ba,exact_normalized_text,retain_incoming_output_and_review_do_not_promote
telegram-linked-precedent-dc73bf217c48e61af1f3c258,107,المدونة 20.pdf,ad92777888ed4ea45387aad20bde2307fac30b96a22a4f9b95d07082c4fcfcc7,telegram-linked-precedent-52d35e9b409a252b6db174af,exact_normalized_text,retain_incoming_output_and_review_do_not_promote
telegram-linked-precedent-a858031298b2592d168577ba,108,المدونة 20.pdf,5ac712785e52654e475d8e5517f429b2fc1fc63499d95caf371774735b927b70,telegram-linked-precedent-909f370c5a146e6844df4476,exact_normalized_text,retain_incoming_output_and_review_do_not_promote
telegram-linked-precedent-dff7ba87dee572b294fa56f0,109,المدونة 20.pdf,86c03d8226510237d4da1d9804fb740ae1fb78ebd9a339d6a8a74e93fcd7dcce,telegram-linked-precedent-bab560e63f266eee509fbaf9,exact_normalized_text,retain_incoming_output_and_review_do_not_promote
telegram-linked-precedent-9187280b040608c0e408abfe,110,المدونة 20.pdf,8eb76e0b71726dc296fcaa617f16675dce187316c51f787294173036bf128e41,telegram-linked-precedent-b36615371e5a32e809177f30,exact_normalized_text,retain_incoming_output_and_review_do_not_promote
telegram-linked-precedent-02dc1160893a3a60edbef3f6,111,المدونة 20.pdf,625e2cb84b4904c8b322b7be0bf5d5cdafd19569129bba09443467e8fc8e4607,telegram-linked-precedent-e953b52a4ccb909e8422af76,exact_normalized_text,retain_incoming_output_and_review_do_not_promote
telegram-linked-precedent-96d1a8bb0ddaa8d0ec6d5c3c,112,المدونة 20.pdf,9e308cd5e99fde12d2f7d7427a00cc9a6377cd5fd845a7288f6dd56b385bb305,telegram-linked-precedent-8abc3ba6f4202afd7e822763,exact_normalized_text,retain_incoming_output_and_review_do_not_promote
telegram-linked-precedent-bc8a4de0d760f63d6842e88a,113,المدونة 20.pdf,317b7a8272862eeca751915b549ed21d75bdb69198b67f280a040a53e20d70a9,telegram-linked-precedent-b183a759ad59aa6db3e5775d,exact_normalized_text,retain_incoming_output_and_review_do_not_promote
telegram-linked-precedent-afc25066baf25eb95ea88644,114,المدونة 20.pdf,8b6ae7a0a16feaee9f9011a9eb8a86f023aac1458f18b6eb339cbb2c22ad2c07,telegram-linked-precedent-82c283d6a8c0fcd1f1824f58,exact_normalized_text,retain_incoming_output_and_review_do_not_promote
telegram-linked-precedent-a40b9c22a385d7d432703d85,115,المدونة 20.pdf,cd91329f8fa4ddeaaba24f73246a94d0db0cba0c89056a7364eddf1dbc50a06c,telegram-linked-precedent-2ed4f346ba3b66a915ff71f4,exact_normalized_text,retain_incoming_output_and_review_do_not_promote
telegram-linked-precedent-b93426bd3d20efb46323d2d3,116,المدونة 20.pdf,eb73918801e1b1a176278b4c7b2d22fd006867a32d2cd51f447b42846ada2491,telegram-linked-precedent-a18dc2ad457e1f46f3f914c5,exact_normalized_text,retain_incoming_output_and_review_do_not_promote
telegram-linked-precedent-e5ec7b3785c635155d70e33c,117,المدونة 20.pdf,365cb555d17052e1290bd4eda196ae4278e67a0c67b678421515e6b6d0963804,telegram-linked-precedent-7f81c64ec2cdde0908b4db53,exact_normalized_text,retain_incoming_output_and_review_do_not_promote
telegram-linked-precedent-168b559693aa8a919bf9fd3f,118,المدونة 20.pdf,7541749abc72f9a585ec68e84a3143e9bf1a66b0d208293b7ea344c20c975b44,telegram-linked-precedent-4ec48d39ae6f89cdc418d843,exact_normalized_text,retain_incoming_output_and_review_do_not_promote
telegram-linked-precedent-462591187ae6cba679c1bd22,119,المدونة 20.pdf,ebf7a0f5ef3040dc97655153a3b722496db488bbc55a8c21d1199229c1c87b45,telegram-linked-precedent-ac6575adfa3490dd9f8bf949,exact_normalized_text,retain_incoming_output_and_review_do_not_promote
telegram-linked-precedent-70ad976b31f58f7bfc92fb38,120,المدونة 20.pdf,f3322b12caa175fc7db887ebb713cb48884e3e071335c4b428ce60d6224def1c,telegram-linked-precedent-888281f676e0cc73de2a9010,exact_normalized_text,retain_incoming_output_and_review_do_not_promote
telegram-linked-precedent-560404667609f7f07b79609e,121,المدونة 20.pdf,ebb154d8c04d47b5fdce1ab920d9234f0463ef688731572288b268aadcb3ba7d,telegram-linked-precedent-aea07882f48af93c4a5ced4e,exact_normalized_text,retain_incoming_output_and_review_do_not_promote
telegram-linked-precedent-703d33675aee564c05506369,122,المدونة 20.pdf,cb3d9c668d5a8a7a35e91b2b9975a1e5ffbb59681220f95fce6218310c536e77,telegram-linked-precedent-424d6a718c1685b590b69aac,exact_normalized_text,retain_incoming_output_and_review_do_not_promote
telegram-linked-precedent-fbb8dfd7b67b524e7a5fe9b8,123,المدونة 20.pdf,d2ca685df744ae913f3ae757a8456fc43f2325ec542e4f4f80c3faad2062a29d,telegram-linked-precedent-c8edaa4d74e63ff03eb12c28,exact_normalized_text,retain_incoming_output_and_review_do_not_promote
telegram-linked-precedent-1837f693cf16f46c583de487,124,المدونة 20.pdf,ec1aeabc000f15741094a6f5c04427609c2913a8a19dae2b5a4e3b0d012f1817,telegram-linked-precedent-479ba081d497b4b22ffafd64,exact_normalized_text,retain_incoming_output_and_review_do_not_promote
telegram-linked-precedent-51d817350853d1fee09b8214,125,المدونة 20.pdf,2c3d5909c402606287378489ddd6833af0f804097096f22b8a6b05e6eefec253,telegram-linked-precedent-60f9c71abe86421983a62223,exact_normalized_text,retain_incoming_output_and_review_do_not_promote
telegram-linked-precedent-3bb33bd366533651717f23d4,126,المدونة 20.pdf,51133a3886cda1f9e39410956fcf71c87db74f698d1e61ceb0d9e93e04cb5743,telegram-linked-precedent-87dc01a9d81a498989eb5ede,exact_normalized_text,retain_incoming_output_and_review_do_not_promote
telegram-linked-precedent-9630018bef3f02597de93795,127,المدونة 20.pdf,a5bdbdd834eaf35569f937db200fcb68d499a7e8f97f7013ff52dfad04c8f96f,telegram-linked-precedent-f1d8da15cc117a83d5661f4a,exact_normalized_text,retain_incoming_output_and_review_do_not_promote
telegram-linked-precedent-e1fc1c4b772338f3fba5deee,128,المدونة 20.pdf,0f97d9e317f4477a2d815ed6ee92f2ec760e046639baf5afd9ca0de85a741317,telegram-linked-precedent-00fe8016b6c9d6fd8e955ed5,exact_normalized_text,retain_incoming_output_and_review_do_not_promote
telegram-linked-precedent-c7f5ccc1dd12c0578386414e,129,المدونة 20.pdf,a45d45ca96bc62003004b1c612e95bd032ef2c49b8b5ecabf4e432484204f6d4,telegram-linked-precedent-a2062aa8915ac54ba7dc516d,exact_normalized_text,retain_incoming_output_and_review_do_not_promote
telegram-linked-precedent-bebd12b8efa3ecbfe94142ab,164,19.pdf,a91592960e8c79533ec9af48f6aa4982d018a234ec7f7917a4169c90bd749743,telegram-linked-precedent-af4bf55eeb416b207649045d,exact_normalized_text,retain_incoming_output_and_review_do_not_promote
telegram-linked-precedent-be86806b0e994c9fbafcac01,165,19.pdf,70f6aecea04f9f7cc269c6d843663917875d1dda3bea79df4c9523ae5017524a,telegram-linked-precedent-8fa0b2f1c17952a6deb1ff04,exact_normalized_text,retain_incoming_output_and_review_do_not_promote
telegram-linked-precedent-9944a1b2dae7dbaed27c5a11,166,19.pdf,a4db2f9bdd355b429e27879477b5a41e66dee950a83b0bc438b3df7faabe17ea,telegram-linked-precedent-e80730714def90628854fa3a,exact_normalized_text,retain_incoming_output_and_review_do_not_promote
telegram-linked-precedent-9581f59713fa6496535433a4,167,19.pdf,bb9f3aa53f3b15e38992d3f1ffa5fc10e58acd8e11fc5cbe9a51b1e7acf6aef2,telegram-linked-precedent-5b752aa832aebe5a57fb7681,exact_normalized_text,retain_incoming_output_and_review_do_not_promote
telegram-linked-precedent-de890119f37a38d57582a80a,168,19.pdf,f8c1bf21daeccc3bc59dd6b64bf12da8647e29cc5594004f03a4209cd7f7b70e,telegram-linked-precedent-5443ffd1e07df0b22db292ca,exact_normalized_text,retain_incoming_output_and_review_do_not_promote
telegram-linked-precedent-40260c6ae3ad8e2b8839a57d,169,19.pdf,ac20e5514e9a17bdbbb7aed94bbd742ebbde39fbe6dc892db08047ff61bc6b97,telegram-linked-precedent-af21bb9613a0435088211296,exact_normalized_text,retain_incoming_output_and_review_do_not_promote
telegram-linked-precedent-a5e04efda393f57b9495b8a8,170,19.pdf,5da953126a011a39f33a4deca781e29125ee9331c0e717ee7f56380409973623,telegram-linked-precedent-33bcbdb4ce4ab6cbfdb51285,exact_normalized_text,retain_incoming_output_and_review_do_not_promote
telegram-linked-precedent-c74ff6be1f0eaf94c354e12b,171,19.pdf,047fa3605382ab78ab1164b6e483d0ab277e6acbb5b0fdff57c9cee0781a1eb8,telegram-linked-precedent-424b5662d221cec5cc237d42,exact_normalized_text,retain_incoming_output_and_review_do_not_promote
telegram-linked-precedent-bcdab5ea18c369e674592901,172,19.pdf,6d23acc95d4e4e4ece3a684860f07377fcc5201652f84c2ee0c457566a3f2012,telegram-linked-precedent-4b12111568032f13529dcde1,exact_normalized_text,retain_incoming_output_and_review_do_not_promote
telegram-linked-precedent-b80e8d93c9350ea858048691,173,19.pdf,98d0a1fcd800b952b4394fd1b5546804f4c2a9e07a4b01e79e1797e4e2b591a1,telegram-linked-precedent-fe871a6937bdd372ef26c858,exact_normalized_text,retain_incoming_output_and_review_do_not_promote
telegram-linked-precedent-c1ab773aef370b96be9c8ad5,174,19.pdf,43f36bd720d61edbfd6d486132d8001b2fe5de17288d3c90336ba07b991ff8f4,telegram-linked-precedent-cae40252d6c4b03fae2dacbb,exact_normalized_text,retain_incoming_output_and_review_do_not_promote
telegram-linked-precedent-dc24a7c4572f11925707e32f,175,19.pdf,96cd269be7e1ce53d9e85cba7aea9e10ed5f9d303c3f6fd9295a5cdf125e82b9,telegram-linked-precedent-b71822d974870719a6a52bee,exact_normalized_text,retain_incoming_output_and_review_do_not_promote
telegram-linked-precedent-f6b3d06508a05d897353083b,176,19.pdf,6957709fb1f7d1cadb3ffaa1d197079e8818d91bdb6659084886522500c31699,telegram-linked-precedent-a55d2c2aea22dd6bcc438d99,exact_normalized_text,retain_incoming_output_and_review_do_not_promote
telegram-linked-precedent-8c073e8316319b536f2f5a89,177,19.pdf,147cef5a0320608782e99f602a8a0d698880c5f7a19107380fb946bd88bf3741,telegram-linked-precedent-fcfc26ceff5c6e0553043da5,exact_normalized_text,retain_incoming_output_and_review_do_not_promote
telegram-linked-precedent-f4615dcf09155fd8cf5e4a62,178,19.pdf,b5391dc56e47cac081d90bce4d3701b2415cce8e8ca3b3155adf69031a0bcda5,telegram-linked-precedent-e569dcf53a3ee786ebd1bb4d,exact_normalized_text,retain_incoming_output_and_review_do_not_promote
telegram-linked-precedent-c4004811dea048579ec6533f,179,19.pdf,6299eb4917703f6135d71e426de97f6413ce32fa6abd5f921e8c33c8dc57a4d8,telegram-linked-precedent-cf7516f6441d33eab88fc677,exact_normalized_text,retain_incoming_output_and_review_do_not_promote
telegram-linked-precedent-9244153e5f5cfafdadf41e03,180,19.pdf,b6fa171c2948353f7947343311aaec04c4c86904a22a21aaf3a6d8554acb64c0,telegram-linked-precedent-f9d7edbe4957fb907950cd4a,exact_normalized_text,retain_incoming_output_and_review_do_not_promote
telegram-linked-precedent-c3ebdfaeb2527fc352a23823,181,19.pdf,b53333cd630e07dd818167bb6b101f1fc257caee0c4dba6b476ca72e21a9659d,telegram-linked-precedent-b6a2c8867bee31ac6695a16a,exact_normalized_text,retain_incoming_output_and_review_do_not_promote
telegram-linked-precedent-e0f8628c5becce3f2e49c319,182,19.pdf,bb67fa492826d3fd432dd2a15957efa7890594670bd28eff0ecb7e3243e70cda,telegram-linked-precedent-dbe4743c87fa531af60b48d5,exact_normalized_text,retain_incoming_output_and_review_do_not_promote
telegram-linked-precedent-bbf0775aef8501d625367220,183,19.pdf,865d9e46973362964568a5e3dcbdf13d7d370b4a665595b02009788b5e7fd915,telegram-linked-precedent-a521bd6972da79776e0da224,exact_normalized_text,retain_incoming_output_and_review_do_not_promote
telegram-linked-precedent-c0cafb200bd12a18ab0054b5,184,19.pdf,db92bd0e685a154c7d28d16acf7eefde34157eafc10e3b51d414ec3037220a6f,telegram-linked-precedent-4faffea02e9fa9ff46e1bc62,exact_normalized_text,retain_incoming_output_and_review_do_not_promote
telegram-linked-precedent-19c630feffa65c729f1c7221,185,19.pdf,1163c60d40c252b2c97ffbd2096880c5baaf22301a7698788f032611269da02f,telegram-linked-precedent-fb7ecf576164cc8c281cd7c1,exact_normalized_text,retain_incoming_output_and_review_do_not_promote
telegram-linked-precedent-cd87a282357c7a865537c3cd,186,19.pdf,120f388239e30f5b7ea229f685f6f5f83dab483ea6cd0fa1cb3ce8cfaedff904,telegram-linked-precedent-b3b42f148e649cf65d315d9a,exact_normalized_text,retain_incoming_output_and_review_do_not_promote
telegram-linked-precedent-f2e43f0987cc177e4bbf45e0,187,19.pdf,80cfb5a6a69fd1c2bcc371702b1e888063f53ad3f9f698f4ca4e432078beede0,telegram-linked-precedent-4d2f526002034cb2843bf9ef,exact_normalized_text,retain_incoming_output_and_review_do_not_promote
telegram-linked-precedent-0d9d9ff5403142edf58f2ea4,188,19.pdf,aa88107c3988f8cac98a2332f3b61f5e133b2e2a5f409637350de010af365284,telegram-linked-precedent-d8d203eec83c26c1ced68a5b,exact_normalized_text,retain_incoming_output_and_review_do_not_promote
telegram-linked-precedent-f491d453273a74aba80848a2,189,19.pdf,0898d1c9658b24f017437d64497549e61464a5ed070e4e3e2e62a32040ec6519,telegram-linked-precedent-80e2da34e0be02dd25558db0,exact_normalized_text,retain_incoming_output_and_review_do_not_promote
telegram-linked-precedent-d02144d5cf98e08b1f128cb9,190,19.pdf,bef4b4f42492d638cb0e9a5f84f657864e977e6c0f10f1c928697cac113fea3f,telegram-linked-precedent-47b7e4b71705377c88b4ea1a,exact_normalized_text,retain_incoming_output_and_review_do_not_promote
telegram-linked-precedent-74f4aa169ef723cc79176c87,191,19.pdf,c26b94d26d33500eb4671d8715ef5bcfddf777e097d30a0bee6a546a93935fab,telegram-linked-precedent-89c954ad838e432f09f12152,exact_normalized_text,retain_incoming_output_and_review_do_not_promote
telegram-linked-precedent-2c76328de0b8946410ad8df6,192,19.pdf,3f40401c6fd6ba51176c1251be46ea5fc6f8b9ff680f5c110a6839ede9fffb8d,telegram-linked-precedent-632886922c2af9e5f5c1a4cc,exact_normalized_text,retain_incoming_output_and_review_do_not_promote
telegram-linked-precedent-01f07d484736ee9be293b6db,193,19.pdf,36b1b781080d26410c05ac8243fe5661470ca49430ab308dbdc68be8c8267228,telegram-linked-precedent-4cc9b364b12008f9016d920d,exact_normalized_text,retain_incoming_output_and_review_do_not_promote
telegram-linked-precedent-aca722e5944f38bb01684c37,194,19.pdf,10d659169e15f271f4734a1829a34b19bb4ef50ef4c89b1616b19cc4616c0752,telegram-linked-precedent-791062c30963c2811285a4ca,exact_normalized_text,retain_incoming_output_and_review_do_not_promote
telegram-linked-precedent-0a318b36757bac95286bfe08,195,19.pdf,0893b1dfc2ac5a288957d720425b247c7d8e321e686672e82b4229e0de732167,telegram-linked-precedent-a9691d6ca4e5c8688a41dc34,exact_normalized_text,retain_incoming_output_and_review_do_not_promote
telegram-linked-precedent-316a5bff8fa793fb79f41743,196,19.pdf,e3ae2ad2cca39bbbcbffa77480e2678cc3f9568b8c8e8e51d8fa4ce764e5066b,telegram-linked-precedent-e5a95da5a985f0084c797dd5,exact_normalized_text,retain_incoming_output_and_review_do_not_promote
telegram-linked-precedent-4026202d088d84ebdb3186c1,197,19.pdf,33d90871bde84aeb667f8cfc28821cb15df74ab50acf801669c6ab0d91537089,telegram-linked-precedent-5725a566b12c59a51ef03853,exact_normalized_text,retain_incoming_output_and_review_do_not_promote
telegram-linked-precedent-48126f6eab5a6bbc4d278789,341,18.pdf,51d61997cc5da54214185d99b1c18911a3fb433acd6182fc214375fe5f9916d0,telegram-linked-precedent-4bacc77636574784479b703e,exact_normalized_text,retain_incoming_output_and_review_do_not_promote
telegram-linked-precedent-9c26042e2ea3d9073c283315,342,18.pdf,3a789a82b7051527925605ec249eec0aa1b32de84be7672eec6e46ec3b753023,telegram-linked-precedent-d775a15c554b09081d06aa31,exact_normalized_text,retain_incoming_output_and_review_do_not_promote
telegram-linked-precedent-93dd8d2730a4f83e53a46a9d,343,18.pdf,94728c45a3531c063c592d19b7be440148481fc8611b43e6aa1027e41d6a2c95,telegram-linked-precedent-23700d77ce6d6ce9285a73a0,exact_normalized_text,retain_incoming_output_and_review_do_not_promote
telegram-linked-precedent-0bb15848e4e094aa3fe56c1d,344,18.pdf,dd7eddad993b63cbc32d49bdc82db793656ba0e5b45e2a4b718a1b6770402fc1,telegram-linked-precedent-5430f1566ec69a9340aca65c,exact_normalized_text,retain_incoming_output_and_review_do_not_promote
telegram-linked-precedent-21affa2c9bb0cbedc1319b5e,345,18.pdf,76b7569989ca41b3a9334615db1a01705b3c595937f66bcc2b875fbf60b65a7f,telegram-linked-precedent-9346bdd677d83b6732294aca,exact_normalized_text,retain_incoming_output_and_review_do_not_promote
telegram-linked-precedent-2e5ccbfa529fd8003b8f4cd7,346,18.pdf,34457fa7ca3455e098e1002d3b3d5189d7087306ad49c54f75fd3395f535d54e,telegram-linked-precedent-64bcd85384aa55044d43d131,exact_normalized_text,retain_incoming_output_and_review_do_not_promote
telegram-linked-precedent-b4483d5fb8107bb8958feaf3,347,18.pdf,6a674a276c9472902650a5612229a196eede2039062adf46a0d16b71a4810c1f,telegram-linked-precedent-c55ad96bf0d6f61cd59ed7e7,exact_normalized_text,retain_incoming_output_and_review_do_not_promote
telegram-linked-precedent-81e2bcc88f7ab0ba4d2e233a,348,18.pdf,b7a9eec13c938a9caa9bc6920778e3e399136e94771582de5bb31549e70a167c,telegram-linked-precedent-cd3337f682d86fd68faa9ad0,exact_normalized_text,retain_incoming_output_and_review_do_not_promote
telegram-linked-precedent-87b0abcd0a7fbda24d562ad0,349,18.pdf,d07a8683a1d706ce20b1b0cb4ac0298e0653b4460af2629c7de57956c92facdc,telegram-linked-precedent-598fefefd723f58cf3dc3b35,exact_normalized_text,retain_incoming_output_and_review_do_not_promote
telegram-linked-precedent-4afac0c84766dec6a99e0aff,350,18.pdf,995dcf71372ba8e5224dc1e33cae69294c1f28735e294eb0e9292beb24fe7bdf,telegram-linked-precedent-9b0d1aeea6353639373d218e,exact_normalized_text,retain_incoming_output_and_review_do_not_promote
telegram-linked-precedent-69be8d5ff42ea98f4670ce29,351,18.pdf,3667221bef41188341d732d899bd54c013327b6687e05ff478d117860b33b257,telegram-linked-precedent-17b22f21ac56c3f5d32ba591,exact_normalized_text,retain_incoming_output_and_review_do_not_promote
telegram-linked-precedent-06af4bc1f4f740055ae24c7d,352,18.pdf,6f235edc642949048b3f7316c03bf26b03d03fc88bff4cbd9e7d49b9e79a992d,telegram-linked-precedent-03474889577b744e8a121ff0,exact_normalized_text,retain_incoming_output_and_review_do_not_promote
telegram-linked-precedent-9913a951a90e6c65d04b1d3e,353,18.pdf,14f73f842f4d988664f260445727441c285378f72defa1983f14ef6ede0c68d6,telegram-linked-precedent-fc8f5302aaf89be013e2f025,exact_normalized_text,retain_incoming_output_and_review_do_not_promote
telegram-linked-precedent-8e0a030954ce4ada576354bc,354,18.pdf,e693ad90ea784df4d6f06f366af9c06e7dffdc809fdd9f718ef74cb586cd2b0d,telegram-linked-precedent-872c3ef867a87da6add7bb09,exact_normalized_text,retain_incoming_output_and_review_do_not_promote
telegram-linked-precedent-cc48f8d86a874a744c67871a,355,18.pdf,195701d6ebe680cdab8a631e9af40e8564ec81d44d9da7c2251a77f6731584b2,telegram-linked-precedent-b562cd4750440c287aac64f9,exact_normalized_text,retain_incoming_output_and_review_do_not_promote
telegram-linked-precedent-e497f1f0b1807a02ceba4782,356,18.pdf,f6961cd523ccc02e7b70a7cd13d943d6456e68b7f11ab18d5a0cbd4ad1b69cca,telegram-linked-precedent-9109d2f859ca133f0415cb2e,exact_normalized_text,retain_incoming_output_and_review_do_not_promote
telegram-linked-precedent-1f457b28c4b6aa3b3988ce15,357,18.pdf,762d8f5d57b65aff0ac25540223b733e17ca913187b14503922ed8b6a30def02,telegram-linked-precedent-0f89e22ad3d38c22d5c2d6ef,exact_normalized_text,retain_incoming_output_and_review_do_not_promote
telegram-linked-precedent-61b7e45acba42d4d1b2eb3d4,358,18.pdf,00a3cc46980f4dcf059a5f3016124957ed6bf345aa3a4d9be92e930513d983b3,telegram-linked-precedent-727ede1e6a8f02fc5283c87d,exact_normalized_text,retain_incoming_output_and_review_do_not_promote
telegram-linked-precedent-f3627799c597e24e4a99c85c,359,18.pdf,6fe1c92bf48bdd5d91acc5462dff820996ca3cdfaad642f8652cf97cec8aefaf,telegram-linked-precedent-76e0946ac700106d9e47cd81,exact_normalized_text,retain_incoming_output_and_review_do_not_promote
telegram-linked-precedent-9ada7b5a2117982e0140eb20,360,18.pdf,76a8384c2004315d97fc9cc634d3a98037a3c6fa2d27f42c9167222ef95eb6d7,telegram-linked-precedent-83917fb3bd661e5d614709b5,exact_normalized_text,retain_incoming_output_and_review_do_not_promote
telegram-linked-precedent-0d3e311943d8e93deb7a0d9e,361,18.pdf,2452c4e02a29d6cfc2588e88c75f047a5987b735aca4ab9d8f0e3ebbf0a4729e,telegram-linked-precedent-f0a3d54f2da1e6c92583b0c2,exact_normalized_text,retain_incoming_output_and_review_do_not_promote
telegram-linked-precedent-255a243982dd34c9523942b9,362,18.pdf,d666a23888241326c0a1b495e87e02b92e6195e87147647cfeb9de6c48f5f561,telegram-linked-precedent-3a43b48eb65ebf31b4a58db5,exact_normalized_text,retain_incoming_output_and_review_do_not_promote
telegram-linked-precedent-b8a1087b28fb9529060781a2,363,18.pdf,332aa43a7842a470569caaec3f5285e71ce1f55c2c00307aab00ee26c177d85d,telegram-linked-precedent-3977cb6d6fb56a011eb96348,exact_normalized_text,retain_incoming_output_and_review_do_not_promote
telegram-linked-precedent-738527a89de658cb3d314fb1,364,18.pdf,086c67820807120b57b83ada34009fb3f8304ddc96d02e9a5cbe37b03f291b09,telegram-linked-precedent-5a52fa5fbb6835d8204b1bfd,exact_normalized_text,retain_incoming_output_and_review_do_not_promote
telegram-linked-precedent-7a4cde29986bb00ae03cdbf6,365,18.pdf,6c9a3f76fde8da57365583472ee1586f593b4eef44cf58f69eafeffa9102d2a2,telegram-linked-precedent-f62fa9d7bea6ede9988cbb9a,exact_normalized_text,retain_incoming_output_and_review_do_not_promote
telegram-linked-precedent-c671c0c5e485c40a22afb450,366,18.pdf,58ced4777359f67b399beb729d8a830f89e5fa7a77383266f71b90fc5483e746,telegram-linked-precedent-7ba6cee9cad7ec655258418f,exact_normalized_text,retain_incoming_output_and_review_do_not_promote
telegram-linked-precedent-c84a5844ee7d0c7a3d8367dc,367,18.pdf,f61756130cc62a8c0ec4e51824dd8de8d89f30b5bdfd497dd7903106a9a2491d,telegram-linked-precedent-6b224aa7dc59d3b2d094810f,exact_normalized_text,retain_incoming_output_and_review_do_not_promote
telegram-linked-precedent-316de7dbf80c5d62047fe1f1,368,18.pdf,d965453bcb96cfde27547dacb7c65ad333dc2889549fe31fe7ef8b3ce7def757,telegram-linked-precedent-6bd2e6e1cc6c034dac21f5f1,exact_normalized_text,retain_incoming_output_and_review_do_not_promote
telegram-linked-precedent-3573dafb21ea092a08ab1f24,369,18.pdf,0d6013247d62afa03146abae8e7e58f53fbc6184e6ae7cf678abed1d626be22d,telegram-linked-precedent-26c0a4056161f07d99c80556,exact_normalized_text,retain_incoming_output_and_review_do_not_promote
telegram-linked-precedent-ab8807e09ac4a58a09058bd2,370,18.pdf,fd1ee1f7fa8a45509687e0b18f8b959e989547c2108af6d94175df066c216ab1,telegram-linked-precedent-a6029448182d692f56566558,exact_normalized_text,retain_incoming_output_and_review_do_not_promote
telegram-linked-precedent-d305a22859da9eef6eb077a2,371,18.pdf,fe4bfcce7bd48b0e55a4d3ddfaca49ee6d743edddc75986bac56de67acfcb862,telegram-linked-precedent-8b0ecdb13eb9fb98a45c8ff8,exact_normalized_text,retain_incoming_output_and_review_do_not_promote
telegram-linked-precedent-b0a9eaa844d42f8bebbdeb8f,372,18.pdf,e2787e04944c99881ef41cbf7ae940cc80848c4fd0feb20591fc40d95f8513ce,telegram-linked-precedent-a1132b90f8346fc37e8c34f1,exact_normalized_text,retain_incoming_output_and_review_do_not_promote
telegram-linked-precedent-ca97b6b15d074c8d91352561,373,18.pdf,6750a0224d066bd7e856e2e1d0be38b0b834d015f84dc1eb96775e87b9174785,telegram-linked-precedent-5de1a19246be2354b7bf8a54,exact_normalized_text,retain_incoming_output_and_review_do_not_promote
telegram-linked-precedent-f4e3e30ab6abe7c5b75ca26f,374,18.pdf,cb06f7371ca5700706aedab35f854f0f28023bf10da569b8c2d4fd227666f97d,telegram-linked-precedent-ea24e9d19f5bbb567d737d48,exact_normalized_text,retain_incoming_output_and_review_do_not_promote
telegram-linked-precedent-e450f6bfce37afa725e63f0f,375,18.pdf,c85104191317584ddba7e9a8854ec1fe443239000ffad771e2f63ec64e211d9f,telegram-linked-precedent-1a8df16fe9fb34fc9aca5c03,exact_normalized_text,retain_incoming_output_and_review_do_not_promote
telegram-linked-precedent-31e14915c4f0526729921024,376,18.pdf,6547da31c05e487ad2f03a21898460e2c3263e1180bd990c572dc2e39fcc1d3a,telegram-linked-precedent-d9e8ddd5bfae6ece754a96e6,exact_normalized_text,retain_incoming_output_and_review_do_not_promote
telegram-linked-precedent-b927382d57baa8d3e4cf0033,377,18.pdf,e9b200fd81e4b8fd86eb899ce634ef3b8b2129725ff5f21341899427e58f78f8,telegram-linked-precedent-77061d60228d26d64b47980a,exact_normalized_text,retain_incoming_output_and_review_do_not_promote
telegram-linked-precedent-85a58ab3a1137f696055591e,378,18.pdf,8da82c79f4007b97a759056bf58fa4b30ad1c148917dbcbcb0f01bcc4f291a84,telegram-linked-precedent-c9624d17ffa6dc5bef5896c6,exact_normalized_text,retain_incoming_output_and_review_do_not_promote
telegram-linked-precedent-323bc0cd20dca2f47c199c83,379,18.pdf,f7a6df972bbabf72c1d6fbb5e58abd0e79e3d244178391286b2391ec5e65a507,telegram-linked-precedent-eb694b0eaa6aca59db2e78a1,exact_normalized_text,retain_incoming_output_and_review_do_not_promote
telegram-linked-precedent-14ddbcbd41e27a0f93a8292d,380,18.pdf,f555006e92992480acf261ab50b43a491a6f45bce9c2066923b9c856169aa0f2,telegram-linked-precedent-2a04e361e978e6d9608af7f2,exact_normalized_text,retain_incoming_output_and_review_do_not_promote
telegram-linked-precedent-345da370c8c4e591031d0373,381,18.pdf,f207926a53a7a9135ab108309946b703c671856d1ae5b837e31eb34b0380341b,telegram-linked-precedent-8fe1c3cdba80c98a54f6a255,exact_normalized_text,retain_incoming_output_and_review_do_not_promote
telegram-linked-precedent-b8040dd66ab9837a3feb710b,382,18.pdf,4d0ba4abb037ca259949b6fc927101dd4459e3a18c08ec354140554649965135,telegram-linked-precedent-5a97fcfcaee3a063690798e5,exact_normalized_text,retain_incoming_output_and_review_do_not_promote
telegram-linked-precedent-92fff722c5b78634f0c81f8a,383,18.pdf,f776598c45a428048d692238f6601cec27ee27ebfc7dc365b4838e3707d64bbd,telegram-linked-precedent-7b7c41766004e80851458e29,exact_normalized_text,retain_incoming_output_and_review_do_not_promote
telegram-linked-precedent-12e67d03afee66206ae24819,384,18.pdf,fa2bd681520575087b69adaf703ee9f761bf9f814a9fcbffce68859c80371854,telegram-linked-precedent-07e30ac9412d383111331caf,exact_normalized_text,retain_incoming_output_and_review_do_not_promote
telegram-linked-precedent-fe11c48996e670ee1eccb200,385,18.pdf,367ebf73cb09a4f75a77462ea2218ae53629200c59dc43fdde95d2ec78a03b98,telegram-linked-precedent-9ac1d6caf87c145cfa65e561,exact_normalized_text,retain_incoming_output_and_review_do_not_promote
telegram-linked-precedent-d4fa0dc3c4512e60ee86c4fa,386,18.pdf,d0b8eebd74537125bd50c327fd42aec48085dc7d5feb1fcde080837c18007897,telegram-linked-precedent-cc69e7ab8d83762c1e763acb,exact_normalized_text,retain_incoming_output_and_review_do_not_promote
telegram-linked-precedent-8e767bb154af9f5991f9686a,387,18.pdf,49a944867277750a0bab6fd571cc9f68832fc63db63cab84731fe7aab4d11ef6,telegram-linked-precedent-9c65d2a407686a289f8b7a1e,exact_normalized_text,retain_incoming_output_and_review_do_not_promote
telegram-linked-precedent-0a5a2df717cf7ed9736bb8cf,388,18.pdf,3358afd8bff973328a36d8d0ea874e7e6caa8cce8099002cf3856758b9b4fefe,telegram-linked-precedent-3abb89fc9f994f5ab47e6658,exact_normalized_text,retain_incoming_output_and_review_do_not_promote
telegram-linked-precedent-3c24993c384a8cf9fd8a9823,389,18.pdf,b504b784c49e4b84a590b6ab3198eb0a467419c205a644110e5dd6715a95fa22,telegram-linked-precedent-5dd9d7c8afa3e2dc1dec9e24,exact_normalized_text,retain_incoming_output_and_review_do_not_promote
telegram-linked-precedent-62bd03ec011694bfc1557f95,390,18.pdf,7ab1be6659a139374d1ff876817f8186a23b5a40cebf135623dec6b7e35020dd,telegram-linked-precedent-6910005e356b5d342a77c89d,exact_normalized_text,retain_incoming_output_and_review_do_not_promote
telegram-linked-precedent-73c9e0c3b970a4ffbc0e7bb9,391,18.pdf,9d794b5f0fa1ac1d3b97ad17b0ac96869fdb05dccfbcd0e0d22f2d809eeea58a,telegram-linked-precedent-65cb280022e539f1f43e0d83,exact_normalized_text,retain_incoming_output_and_review_do_not_promote
telegram-linked-precedent-9245151e51f7c074c59240a4,392,18.pdf,c725d84f954044b37b258d6364ab8374508e0929e47a631f28f75cf43785d00a,telegram-linked-precedent-8d0c281c3a381708db1d2cd7,exact_normalized_text,retain_incoming_output_and_review_do_not_promote
telegram-linked-precedent-e07b192e8352db3eea6995f2,393,18.pdf,50e40f7ccb4a69bf1a911e471d0edda2ac2a396da5895cbfc7b4628acc4d5c33,telegram-linked-precedent-95f3eb7b0cfbc4e55acf9ad6,exact_normalized_text,retain_incoming_output_and_review_do_not_promote
telegram-linked-precedent-129a565743574a9b16b39fcb,394,18.pdf,1d9895fc179ebe90ab165f665c56f6264e6e9675b8284340d7af5e4923940e4a,telegram-linked-precedent-ca079d34bef136cfdd2c4cc5,exact_normalized_text,retain_incoming_output_and_review_do_not_promote
telegram-linked-precedent-c8e2732bc7711ca98e64319e,395,18.pdf,a3dc644f41be5eab71c5ba36dd73f61a874395d64b584b7f223a8b7c7dd313ff,telegram-linked-precedent-f56aa13cfe4422fa0f68415c,exact_normalized_text,retain_incoming_output_and_review_do_not_promote
telegram-linked-precedent-93bf4a2cfd44497a30c0b8f5,396,18.pdf,52e2ed60d6819b2b193f577cd734ea2db4f38caffa0002c7c089d4479f2da415,telegram-linked-precedent-26319898e3e8949169e0090f,exact_normalized_text,retain_incoming_output_and_review_do_not_promote
telegram-linked-precedent-1bb0674d5712ad40d61fa6ac,397,18.pdf,c7416308088fcafba95c762d62fbfc162c48255ab751ba148f2d28b42af20236,telegram-linked-precedent-e30901a3af9d480376078b87,exact_normalized_text,retain_incoming_output_and_review_do_not_promote
telegram-linked-precedent-54519ab577242a888fb72915,398,18.pdf,e1fd361355cba206ed194f3bf488dff163d259f28d30b1e8307c5ac4dc581e7b,telegram-linked-precedent-e27eb6ab95aa0d2e673b887e,exact_normalized_text,retain_incoming_output_and_review_do_not_promote
telegram-linked-precedent-40c8a9126317d61a83d56dd2,399,18.pdf,ef2ce35dfb91bf8560c1cb072319d7866d85b01ec065004ee58afede73a6e1b6,telegram-linked-precedent-85c4121ed0735b2bb9d97a8b,exact_normalized_text,retain_incoming_output_and_review_do_not_promote
telegram-linked-precedent-0a480dd1a07dfd9144636635,400,18.pdf,c670945418a5ba50c034b763a2bddda162cdeacad8ea6c15268c7b532c940d4f,telegram-linked-precedent-acb0b30d7ae7f98d91fddd66,exact_normalized_text,retain_incoming_output_and_review_do_not_promote
telegram-linked-precedent-f663137a5d05d6b7bdec0127,401,18.pdf,c048361d610321ff7302e5cd6effde37af286b7a7d531205337ad9e405af65ad,telegram-linked-precedent-f999ca9f26ac3fbf933d20a7,exact_normalized_text,retain_incoming_output_and_review_do_not_promote
telegram-linked-precedent-af5f0074f2d48807a23670a3,402,18.pdf,fa28230970872e694ef0625ac14cddd36a635920b36c367406c4e5b37845898f,telegram-linked-precedent-907e2af62594021d2b756393,exact_normalized_text,retain_incoming_output_and_review_do_not_promote
telegram-linked-precedent-dbf739cbd70ab961b846c708,403,18.pdf,6b42d6e37a5d399ff53538349d71495297c888015656cc0765f0fa3e1822b274,telegram-linked-precedent-3f4d8c78868a6b29e59c7981,exact_normalized_text,retain_incoming_output_and_review_do_not_promote
telegram-linked-precedent-ab21e961c565737ca506946b,404,18.pdf,a38ab321f56bb59ae13571e6ee1ef33b1091ebb37b7f62eee946780abfb3caa6,telegram-linked-precedent-ba43deb188c545ec136da4ac,exact_normalized_text,retain_incoming_output_and_review_do_not_promote
telegram-linked-precedent-5f04427a20b28fb7081896e9,405,18.pdf,1431b9d228bce6311ba163a2971341283fad34f19bf7bfeecb7f366b38e4fe2f,telegram-linked-precedent-5c2d74143c330a104c45bf8e,exact_normalized_text,retain_incoming_output_and_review_do_not_promote
telegram-linked-precedent-6cedd92f53bfd4e7945451c6,479,‏‏_سوابق مخدرات  - نسخة.pdf,5372cbc0f3c40fec7729c01e232e56933ebc715d151c22feea4f24d7b38948b0,telegram-linked-precedent-76d9cb7c2c4ae0c209fab07e,exact_normalized_text,retain_incoming_output_and_review_do_not_promote
telegram-linked-precedent-2252081622d4180c43da8840,480,‏‏_سوابق مخدرات  - نسخة.pdf,9912b39da72ca1157a64d9ec02d8fdbd2d50dbf1c89072cb6179025fdc3bc798,telegram-linked-precedent-769429d2e54008bae2bd915d,exact_normalized_text,retain_incoming_output_and_review_do_not_promote
telegram-linked-precedent-b455a5fa89d46de579d8ef08,481,‏‏_سوابق مخدرات  - نسخة.pdf,81944f4142d4bf86ae61639bfcbe98a8816675ef5ffd27a1ce4e8ca425e32a1f,telegram-linked-precedent-c7dbfdf28a44cafed01b050a,exact_normalized_text,retain_incoming_output_and_review_do_not_promote
telegram-linked-precedent-95e859ea54c2e9be996cf7da,482,‏‏_سوابق مخدرات  - نسخة.pdf,5c5b35f6e6ffbf94640267f0c9ad3470685d2a40d60cc33229fed7bf72fa685d,telegram-linked-precedent-22aa8697cbf7d8051386453d,exact_normalized_text,retain_incoming_output_and_review_do_not_promote
telegram-linked-precedent-99260882e73d6cdc959b828b,483,‏‏_سوابق مخدرات  - نسخة.pdf,786a9553069259a4f6ba64bc7d57ef0c858f6c98953fd6c0dfa2638335ea0495,telegram-linked-precedent-eaafe08947354ed10b9baf74,exact_normalized_text,retain_incoming_output_and_review_do_not_promote
telegram-linked-precedent-bab1bfe55199d3e39a7dd48d,484,‏‏_سوابق مخدرات  - نسخة.pdf,a4ba40a60fa3ecd8300f0899b19ee07edfb973f0bee0012ffe1381faf81561ad,telegram-linked-precedent-146a76a46c8c8e87aa1c315d,exact_normalized_text,retain_incoming_output_and_review_do_not_promote
telegram-linked-precedent-0f66bb4569b167cd931607ef,485,‏‏_سوابق مخدرات  - نسخة.pdf,3d3a5dc2d2cea3e775dc1f9584b53dbd2851d4425912307f0851986e4eb054ae,telegram-linked-precedent-d66b5571d5d8088dfa843065,exact_normalized_text,retain_incoming_output_and_review_do_not_promote
telegram-linked-precedent-a2dfe0c52acd78f085b8e39f,486,‏‏_سوابق مخدرات  - نسخة.pdf,f222db7bdd093f8104c8c9690ac9bbdb29049806f452972b5931ff64fb92340c,telegram-linked-precedent-aedbb86e35a034a06bb86c17,exact_normalized_text,retain_incoming_output_and_review_do_not_promote
telegram-linked-precedent-824963dd6c065cee4c6bce64,487,‏‏_سوابق مخدرات  - نسخة.pdf,160559119cdb69ee206278a2904d2157cb457412443ea625612c246a7b171017,telegram-linked-precedent-2c170847733268351afd53df,exact_normalized_text,retain_incoming_output_and_review_do_not_promote
telegram-linked-precedent-f721adf1a46754a0278e6915,488,‏‏_سوابق مخدرات  - نسخة.pdf,f8de98fb3815e91a431afa9208d4f7c97bbe712800d7730a376283a95b291edd,telegram-linked-precedent-19eda9e5f7ed44ca838478b0,exact_normalized_text,retain_incoming_output_and_review_do_not_promote
telegram-linked-precedent-fbc874531db0b17cad151171,489,‏‏_سوابق مخدرات  - نسخة.pdf,c1d76119ed519fed4e3e94ee10d821d8a663f7836bd073b238dfe7d1edc16ca0,telegram-linked-precedent-b883f25b1947f8650decfe0e,exact_normalized_text,retain_incoming_output_and_review_do_not_promote
telegram-linked-precedent-91640f1ba247a833a798bc9e,490,‏‏_سوابق مخدرات  - نسخة.pdf,99dd2356c87b621be38e0fbca057db41fb1468f0204db40c45d9628b82cbedc0,telegram-linked-precedent-ec55c1cf3c4749b8bca3e8c1,exact_normalized_text,retain_incoming_output_and_review_do_not_promote
telegram-linked-precedent-d22feffa274a92b778e5abeb,491,‏‏_سوابق مخدرات  - نسخة.pdf,52b91a203cca95c3822148002369116b8e296f990b8811a1364c86306a02d519,telegram-linked-precedent-ff0b50d042cfde7c53a6d862,exact_normalized_text,retain_incoming_output_and_review_do_not_promote
telegram-linked-precedent-daadd34c961cd6b2c618e142,492,‏‏_سوابق مخدرات  - نسخة.pdf,477fb8f38ce27d0ed342978cae514d8220d1f2fd0b819ac0f10cbb3eab4b6034,telegram-linked-precedent-6667893f75c82e87e46ba67e,exact_normalized_text,retain_incoming_output_and_review_do_not_promote
telegram-linked-precedent-50c45254401f5f8699b2a4aa,493,‏‏_سوابق مخدرات  - نسخة.pdf,d07405a60e972e3e13de349f16b28b0beb0e6e73093a3b90604e62d43426c6b7,telegram-linked-precedent-f52fbe575bd5d44f7eb456d3,exact_normalized_text,retain_incoming_output_and_review_do_not_promote
telegram-linked-precedent-256854df50727b9bb24bf119,494,‏‏_سوابق مخدرات  - نسخة.pdf,997a92ff9b5e8f6fec8cfd390fe95d17846dfefc195f133403ff512d12e516dd,telegram-linked-precedent-1726c182f8924668ee0f5b8f,exact_normalized_text,retain_incoming_output_and_review_do_not_promote
telegram-linked-precedent-6e8e4b8926789c4f481f028d,495,‏‏_سوابق مخدرات  - نسخة.pdf,c8a44233e68cad95f27c6ae40f3091f4ed6da5915dfb55d03582f9b25e287bb5,telegram-linked-precedent-6f4a597c9bb6b4259627a971,exact_normalized_text,retain_incoming_output_and_review_do_not_promote
telegram-linked-precedent-f1b39cfc9735eeb7cf1ab9ca,496,‏‏_سوابق مخدرات  - نسخة.pdf,50d5a2803e5ccc5860e95242dd35b0bfc88ddbf82e836a8c37a07e4d109c359f,telegram-linked-precedent-9b77ca870c7c558b276da36c,exact_normalized_text,retain_incoming_output_and_review_do_not_promote
telegram-linked-precedent-cb86d8421c27e0ae814e51c3,497,‏‏_سوابق مخدرات  - نسخة.pdf,416ff014d3dc17ed7656255050fc743b5d412e64929a278bfb3b6c761599059b,telegram-linked-precedent-a5bcf7183c4ebae3720a861b,exact_normalized_text,retain_incoming_output_and_review_do_not_promote
telegram-linked-precedent-aabccf6663cfcf1c208fce0d,498,‏‏_سوابق مخدرات  - نسخة.pdf,4799e37f1b971cf31ae36c0e9cf63a05267eb6978feefe3b493c392b7123a913,telegram-linked-precedent-9c0862e9e1bd22b6dbbff76a,exact_normalized_text,retain_incoming_output_and_review_do_not_promote
telegram-linked-precedent-39618117daff7d0ac66f4e8c,499,‏‏_سوابق مخدرات  - نسخة.pdf,6cf764124a6c14e71f7a1dc5d6d130fbeb92a0fb8dff295cbae41d723fcddd14,telegram-linked-precedent-8c420c1c70a031c440b776ab,exact_normalized_text,retain_incoming_output_and_review_do_not_promote
telegram-linked-precedent-a64e0e4091247d9d93b1a6c5,500,‏‏_سوابق مخدرات  - نسخة.pdf,9a1f15b2ed1580d888c730344f79a55b195f928d380299e41a523f11f3b92306,telegram-linked-precedent-07ccbf1e9f44cd71d89209b7,exact_normalized_text,retain_incoming_output_and_review_do_not_promote
telegram-linked-precedent-62459d1e01c34929fab55587,501,‏‏_سوابق مخدرات  - نسخة.pdf,b79d7050beb84433503ea95de04fbb1e6d08d5df6ecdd7cea41ce787b26ceb21,telegram-linked-precedent-e0a4d7cf41876cc341cd02c7,exact_normalized_text,retain_incoming_output_and_review_do_not_promote
telegram-linked-precedent-c4ade9c9f1e7611715b9c6e3,502,‏‏_سوابق مخدرات  - نسخة.pdf,f2cab20c3c4c173e40a714a995c830bc214045554b3d08712395c9757c0b1a4c,telegram-linked-precedent-bd501431e049193c2c9e68f8,exact_normalized_text,retain_incoming_output_and_review_do_not_promote
telegram-linked-precedent-62e19d881785d1d859d73dfc,503,‏‏_سوابق مخدرات  - نسخة.pdf,9d17bf431a4aa6f6afd43f5e60d7586beda393c68f0d9bd8cf427a4d24588b64,telegram-linked-precedent-3c8cdb9a510992b91bfbb138,exact_normalized_text,retain_incoming_output_and_review_do_not_promote
telegram-linked-precedent-1422ebcf54671a7388f7a078,504,‏‏_سوابق مخدرات  - نسخة.pdf,408a6ef9551c1c64a8f549b90281430fe877972f4243d59e5109c72401e6e495,telegram-linked-precedent-63d5252755f43d470c9f8c3c,exact_normalized_text,retain_incoming_output_and_review_do_not_promote
telegram-linked-precedent-9d5eefee6957ab7ad2618416,505,‏‏_سوابق مخدرات  - نسخة.pdf,d6050eb79f17580e45e0e98a30922310ebdfd141a5e4b54200df1233998bcc0a,telegram-linked-precedent-21656b09d22c442586f38ff6,exact_normalized_text,retain_incoming_output_and_review_do_not_promote
telegram-linked-precedent-b3098a967b254f01eebafc5c,506,‏‏_سوابق مخدرات  - نسخة.pdf,89b172ec8adcd37c67ee1a9122bc50ac8530a3eaf300bed590492e64318d2295,telegram-linked-precedent-e6df9a68ceab57c608de6436,exact_normalized_text,retain_incoming_output_and_review_do_not_promote
telegram-linked-precedent-b054be39ce4f47ed19d7f614,507,‏‏_سوابق مخدرات  - نسخة.pdf,a0d5be2c0c09d67cce2fdb2176d8f932794448ef0f4208694003fb0a21c2309e,telegram-linked-precedent-fdded258cb169340ccc60762,exact_normalized_text,retain_incoming_output_and_review_do_not_promote
telegram-linked-precedent-74aae6059bb83c5d95faf50d,508,‏‏_سوابق مخدرات  - نسخة.pdf,bf5900baa665cd56de9a14158882642c153135f821b0c10e507badd4cbbce78a,telegram-linked-precedent-2b6f312b9a733a6f958c4b4d,exact_normalized_text,retain_incoming_output_and_review_do_not_promote
telegram-linked-precedent-2e98c6eec720b007e05fadf1,509,‏‏_سوابق مخدرات  - نسخة.pdf,1f836a693bab51485ff24ab63d60d43cf57fd00a8392e4eeaaadd50d274417a3,telegram-linked-precedent-3060a614f7265b2c97be1c50,exact_normalized_text,retain_incoming_output_and_review_do_not_promote
telegram-linked-precedent-441665534424211b66bcfc1f,510,‏‏_سوابق مخدرات  - نسخة.pdf,b4ff1df8d6fcd58b981df5f29f88dfa7c6868c5c828f4ed539de100a4bc264ac,telegram-linked-precedent-7961737cd762520a6578493b,exact_normalized_text,retain_incoming_output_and_review_do_not_promote
telegram-linked-precedent-e782bbf2f95ec11dc38fc3cf,511,‏‏_سوابق مخدرات  - نسخة.pdf,e707b453386a4859d70c24b3918f78865a9c8776e001ca55a52ae4cd3f9e0753,telegram-linked-precedent-24388a44072475f62e49dc77,exact_normalized_text,retain_incoming_output_and_review_do_not_promote
telegram-linked-precedent-a10d4dff011ae15485d9ccad,512,‏‏_سوابق مخدرات  - نسخة.pdf,da90ec485dc453fbdfa213cf5db3d7bdf80ce82ef4522ccdf09f6f08c095e254,telegram-linked-precedent-a923d4d326fb8649b3a4e2a1,exact_normalized_text,retain_incoming_output_and_review_do_not_promote
telegram-linked-precedent-1d2e437eb79eb06307fabf46,513,‏‏_سوابق مخدرات  - نسخة.pdf,d8bc4293e5b05a7b71a3b7cb736d0381712f808a7cade2c5f5b39241cb5d53a3,telegram-linked-precedent-86a7c9cb2c6d8847bd4aa1c5,exact_normalized_text,retain_incoming_output_and_review_do_not_promote
telegram-linked-precedent-0acce4b66678c7a3e3bad43c,514,‏‏_سوابق مخدرات  - نسخة.pdf,affe7c35ea92695c4083b135f4726ff36dc38fc4d18172e5adf75dda74302d12,telegram-linked-precedent-330977bfb042d9303c7cdbb6,exact_normalized_text,retain_incoming_output_and_review_do_not_promote
telegram-linked-precedent-4470cc6d8edd352b3dd60c59,515,‏‏_سوابق مخدرات  - نسخة.pdf,d467b062d86f34c2b2fcda600650302077b01af3d427f522db8b3fa77a7317ef,telegram-linked-precedent-bd5be71ba1c2122231bac0c6,exact_normalized_text,retain_incoming_output_and_review_do_not_promote
telegram-linked-precedent-e355e36bc344981f37b9943f,701,27.pdf,e7f6c011776e8db7cd330b54174fd76f7d0216b612387a5ffcfb81e6f0919683,telegram-linked-precedent-1319e4f14e6a04f99d6541ed,exact_normalized_text,retain_incoming_output_and_review_do_not_promote
telegram-linked-precedent-0077e95b51c7d803fde5cd16,727,27_2 مجموعة الاحكام القضائية.pdf,e7f6c011776e8db7cd330b54174fd76f7d0216b612387a5ffcfb81e6f0919683,telegram-linked-precedent-1319e4f14e6a04f99d6541ed,exact_normalized_text,retain_incoming_output_and_review_do_not_promote
telegram-linked-precedent-06267e38379de88672cfd863,728,27_2 مجموعة الاحكام القضائية.pdf,996d7ac17646b2f9270800fbc48adb8995fa6f8a8853a9626f867c97c5a38872,telegram-linked-precedent-3544c54d8d883c9d9f8a7c03,exact_normalized_text,retain_incoming_output_and_review_do_not_promote
telegram-linked-precedent-ab96d1bb07a2fae3bd3944be,729,27_2 مجموعة الاحكام القضائية.pdf,abe9a742dc9df368851c047b0ac3461284917bac302d88609f24212980d357b8,telegram-linked-precedent-cff20c9118ad21661581a2b6,exact_normalized_text,retain_incoming_output_and_review_do_not_promote
telegram-linked-precedent-59bd5481f96c80f4e606a26c,730,27_2 مجموعة الاحكام القضائية.pdf,b0632c9318824b498920d3008c91a949f3b3d924b5d8b9d37565b1e97c95772c,telegram-linked-precedent-952ce467a67fbdddb9c6f34b,exact_normalized_text,retain_incoming_output_and_review_do_not_promote
telegram-linked-precedent-47c1ca6a0cdcc6ab5982435e,731,27_2 مجموعة الاحكام القضائية.pdf,f6d70b7a8323a0e255966eeb206c96b782ccc75c7c5b6cb05b24df54739552f4,telegram-linked-precedent-1566da0741a76143395eff9a,exact_normalized_text,retain_incoming_output_and_review_do_not_promote
telegram-linked-precedent-4a26c5387be6faf98c962e90,732,27_2 مجموعة الاحكام القضائية.pdf,b7a56b0e07bbc356e03218cf3720861ee396cfca692e56fea90b950541bc6182,telegram-linked-precedent-b9e4aafcf40b0217d80e0945,exact_normalized_text,retain_incoming_output_and_review_do_not_promote
telegram-linked-precedent-0e29fd1da3b0888c9b01bfeb,733,27_2 مجموعة الاحكام القضائية.pdf,b66c678a6715d9a8130202c3ad3d98d7bea0069487e59f69a4d58ac446afe024,telegram-linked-precedent-23bc3b95c0a1a783bb10dc75,exact_normalized_text,retain_incoming_output_and_review_do_not_promote
telegram-linked-precedent-68e55f29412a81955aefe5be,734,27_2 مجموعة الاحكام القضائية.pdf,e156908bb91f7d197bc43625935ff4bdea92b61d7ed1807444ae579d142541b4,telegram-linked-precedent-f3eeab6b0963c2b2e2453462,exact_normalized_text,retain_incoming_output_and_review_do_not_promote
telegram-linked-precedent-79d881d272bd0c9d6c7df2e9,735,27_2 مجموعة الاحكام القضائية.pdf,1a5976694ee3c100ed53559f47c8fddc15ef8a02afbaf4bd7921aa7f97435f09,telegram-linked-precedent-89f7a157a6162fe4144afd4f,exact_normalized_text,retain_incoming_output_and_review_do_not_promote
telegram-linked-precedent-49aa90d477bdb86ce05572f4,736,27_2 مجموعة الاحكام القضائية.pdf,ad7799b16a178df97fb4eddab166e5fd5116535a075f8ea976d38ebcceb3ed56,telegram-linked-precedent-4d2ddd1b8579e09acb97ab1b,exact_normalized_text,retain_incoming_output_and_review_do_not_promote
telegram-linked-precedent-74221015a50076a2feb1fd67,737,27_2 مجموعة الاحكام القضائية.pdf,bc9f6b00f716bef93026ac6e5c4fdfeaf8d1225375e72b0f0d71a09e75dc5689,telegram-linked-precedent-c06b8aadb4c9ecd4e0435734,exact_normalized_text,retain_incoming_output_and_review_do_not_promote
telegram-linked-precedent-6e9e485ca392a5c2233ad879,738,27_2 مجموعة الاحكام القضائية.pdf,5f75c5031b4443d1048c6b185b9432489b77bdb195252ad19fd8da572758d05f,telegram-linked-precedent-1bc7f4aee83ead582e6704e6,exact_normalized_text,retain_incoming_output_and_review_do_not_promote
telegram-linked-precedent-e0c453ea6bc6416d500bbd2b,739,27_2 مجموعة الاحكام القضائية.pdf,d74cf67866d397c10c161f373a2b72a490bc4f852798d94aedebc9513f926b7c,telegram-linked-precedent-f152d86487c299eaaa942caf,exact_normalized_text,retain_incoming_output_and_review_do_not_promote
telegram-linked-precedent-aebd3507b1f900d571ef38ba,740,27_2 مجموعة الاحكام القضائية.pdf,b956a48a9c01bd3e2b4d051b11ae12c1a97920adba4a645e136edaaf038612c0,telegram-linked-precedent-d59fb642ae2580d3c52da36f,exact_normalized_text,retain_incoming_output_and_review_do_not_promote
telegram-linked-precedent-33942d6d4a9196b426b63f6f,741,27_2 مجموعة الاحكام القضائية.pdf,8c22a215d87ff2db4605e03790c74152096049d1edf36ad4fac7e87a2a9eb467,telegram-linked-precedent-e1801ec4b8fe3a309b890ce0,exact_normalized_text,retain_incoming_output_and_review_do_not_promote
telegram-linked-precedent-268b0cac0b6588b405aa7ab2,742,27_2 مجموعة الاحكام القضائية.pdf,c947b9a82ca970ac7682aefa6b4ff3fadf23fde46071f19a5d6935fcf050493e,telegram-linked-precedent-34f4774e7fae7d803f0828f4,exact_normalized_text,retain_incoming_output_and_review_do_not_promote
telegram-linked-precedent-8acff9448c39ae1b2c7e1eed,743,27_2 مجموعة الاحكام القضائية.pdf,186ef10dff6b5c646157717163bdbd8728a06f93957a95f32a6a5bcb35cded6b,telegram-linked-precedent-a239091bb82946ed6cf81649,exact_normalized_text,retain_incoming_output_and_review_do_not_promote
telegram-linked-precedent-0cecbb8ddc0a752f196d03a4,744,27_2 مجموعة الاحكام القضائية.pdf,ef81b552f4fafa5790a62a19ee0ee0500bf1c614bc9f6f8e9c4cd8432d253553,telegram-linked-precedent-ce2b21db390c0305c7254af6,exact_normalized_text,retain_incoming_output_and_review_do_not_promote
telegram-linked-precedent-c0818b8baeaaf70c65c25c33,745,27_2 مجموعة الاحكام القضائية.pdf,12b8f7cdfa8f997d26a2eb10c16d879af9360de8e370de815df083f8f657c9c4,telegram-linked-precedent-51b0ef071174432038767a89,exact_normalized_text,retain_incoming_output_and_review_do_not_promote
telegram-linked-precedent-d534da5ecc6532f1ef24262a,746,27_2 مجموعة الاحكام القضائية.pdf,e17fc4dcb09509b232dcc05c358ba2219b4489c2d8e4980a792399a1d52e3fbc,telegram-linked-precedent-26807ac7527c7fde2a786e6c,exact_normalized_text,retain_incoming_output_and_review_do_not_promote
telegram-linked-precedent-189cdc498c4d95e433dcf7b3,747,27_2 مجموعة الاحكام القضائية.pdf,d45b90937583c0ec8d7a5034bc65df2dcfafd22b1bf5558c22ebe758ee7de2ea,telegram-linked-precedent-80cfa6a6118e17e96dd487d0,exact_normalized_text,retain_incoming_output_and_review_do_not_promote
telegram-linked-precedent-5673f1560ad67132843c0a26,748,27_2 مجموعة الاحكام القضائية.pdf,c57da5b1e819a4069968e31d10ac284f6da555e3ba46f2520f47e4aa228652cf,telegram-linked-precedent-7f2a792998b7644f5d70bca7,exact_normalized_text,retain_incoming_output_and_review_do_not_promote
telegram-linked-precedent-0ef12e4b3aea229d3aaed71b,749,27_2 مجموعة الاحكام القضائية.pdf,34d4f1d1ed9e2b26256e8283536952b8c3d43f8e29dd849225ae9593f7c3f0e3,telegram-linked-precedent-70c773a63f549b36b4300c44,exact_normalized_text,retain_incoming_output_and_review_do_not_promote
telegram-linked-precedent-98a658d9fd679deef8c49bce,750,27_2 مجموعة الاحكام القضائية.pdf,44dc9f71ab69decdafba0dec766f3b2f47a88dc55fbfdc43c1bb9a0f49a2f9ce,telegram-linked-precedent-a0c8c182b1bb2d79347d05a6,exact_normalized_text,retain_incoming_output_and_review_do_not_promote
telegram-linked-precedent-a2ef2b5cd8d037d1c2c01f3e,751,27_2 مجموعة الاحكام القضائية.pdf,cc1d8131b723b2e035a8c97a94e701208e02e1fced19de7a0d7140644c4219bb,telegram-linked-precedent-5b355fcbd520fc20312f8221,exact_normalized_text,retain_incoming_output_and_review_do_not_promote
telegram-linked-precedent-78e4cdd29bfef69a614632c3,752,27_2 مجموعة الاحكام القضائية.pdf,69cc1ec2c28d7599e487525b04ff86ce73791853c649892a9d679cc12739895c,telegram-linked-precedent-abf675b8eb73ef2f806ad440,exact_normalized_text,retain_incoming_output_and_review_do_not_promote
telegram-linked-precedent-c4a532de7293bb50850a2558,753,28.pdf,e7f6c011776e8db7cd330b54174fd76f7d0216b612387a5ffcfb81e6f0919683,telegram-linked-precedent-1319e4f14e6a04f99d6541ed,exact_normalized_text,retain_incoming_output_and_review_do_not_promote
telegram-linked-precedent-47363695a66e462a9ea24cfd,795,28_2 مجموعة الاحكام القضائية.pdf,e7f6c011776e8db7cd330b54174fd76f7d0216b612387a5ffcfb81e6f0919683,telegram-linked-precedent-1319e4f14e6a04f99d6541ed,exact_normalized_text,retain_incoming_output_and_review_do_not_promote
telegram-linked-precedent-69eee8c1e9fe441b01ae4cff,796,28_2 مجموعة الاحكام القضائية.pdf,026a456272687d9d0a86a63288ca31e217a792f13c52c8ac8d12bd5ad3a3300f,telegram-linked-precedent-e7669dde377d72a7e517a38f,exact_normalized_text,retain_incoming_output_and_review_do_not_promote
telegram-linked-precedent-1712a93a0d7df19fae90c501,797,28_2 مجموعة الاحكام القضائية.pdf,7a55bfba0bde07c58bffd45f1c02552c2850b0be31feccb636c1f4c165e0ee25,telegram-linked-precedent-cc0012e746a29edd38022c78,exact_normalized_text,retain_incoming_output_and_review_do_not_promote
telegram-linked-precedent-f66bcb2996d12e9e4ddb4d75,798,28_2 مجموعة الاحكام القضائية.pdf,e34b82b6005cfc7b9dac69e5d58324fb6a185af25e392322f487c65cc1a2f482,telegram-linked-precedent-5f17ffc73edd39da6ff9a27a,exact_normalized_text,retain_incoming_output_and_review_do_not_promote
telegram-linked-precedent-7f74bfee8cf5439878747224,799,28_2 مجموعة الاحكام القضائية.pdf,4e208ea9ab6b43fd976a8f722a22eaac473dd9d99a68004efe2cbd127d92cf77,telegram-linked-precedent-6f7b7757efca2ebe0a345873,exact_normalized_text,retain_incoming_output_and_review_do_not_promote
telegram-linked-precedent-480e921512054bedf046f228,800,28_2 مجموعة الاحكام القضائية.pdf,81640a57fc3d1e79a49bccdeafb69037db61e0566786930d48186a818602b865,telegram-linked-precedent-ac05a07218e867a9d599668f,exact_normalized_text,retain_incoming_output_and_review_do_not_promote
telegram-linked-precedent-08d5becfe9f5e4a1de5b59eb,801,28_2 مجموعة الاحكام القضائية.pdf,3502ac91ae6330fcd65138143742be650f8132481c3dca98fb32818212b53480,telegram-linked-precedent-e7d8943307dc4041332296e0,exact_normalized_text,retain_incoming_output_and_review_do_not_promote
telegram-linked-precedent-f5f16214ad913b99c8b2981a,802,28_2 مجموعة الاحكام القضائية.pdf,21e7383d57743ffab2ea30d0ea743fb9290387ed705222ad27e3e9f08d6a1abd,telegram-linked-precedent-7c8f3d8e5abaa09943d5f51d,exact_normalized_text,retain_incoming_output_and_review_do_not_promote
telegram-linked-precedent-2c5b60b44dc32109ab312875,803,28_2 مجموعة الاحكام القضائية.pdf,0f46d0b37adef3ca007f564be9c32815f7dc7593f3e652c18384ab1d67ea2118,telegram-linked-precedent-fc1abdaa557b4ef2b72ab758,exact_normalized_text,retain_incoming_output_and_review_do_not_promote
telegram-linked-precedent-333b889169850ebe47490f66,804,28_2 مجموعة الاحكام القضائية.pdf,3eb738c11ff1b5da908123c1a2dd86b7c382c8ec9d928a61687fad0a01b39842,telegram-linked-precedent-ae18db90e2b409c410f47ba2,exact_normalized_text,retain_incoming_output_and_review_do_not_promote
telegram-linked-precedent-87f1c8c12b155eb6df5da120,805,28_2 مجموعة الاحكام القضائية.pdf,f64b94bfa4af8a4aa5a4e17c8fc6dd53bde325bec0ba1ce799af974b488abc6b,telegram-linked-precedent-1240dbac79f2bc5eae706bff,exact_normalized_text,retain_incoming_output_and_review_do_not_promote
telegram-linked-precedent-b68cf0688b126d140bbdd6e4,806,28_2 مجموعة الاحكام القضائية.pdf,25c060f1b4dd61405c191748019fbaed7158a831710664c713a0ab1ba270564a,telegram-linked-precedent-a502e7f497d6b5dbe852fde3,exact_normalized_text,retain_incoming_output_and_review_do_not_promote
telegram-linked-precedent-3aaacfa39d70176e7e63073a,807,28_2 مجموعة الاحكام القضائية.pdf,1b62cf16b2bd56b747ec01d387ea4462940818c86e8b22386ba3c11e59f1b93c,telegram-linked-precedent-a557a9828a87d7ceb7f42c17,exact_normalized_text,retain_incoming_output_and_review_do_not_promote
telegram-linked-precedent-879807975ecdc91220759817,808,28_2 مجموعة الاحكام القضائية.pdf,e525d69125db2c41bf07d21407a4eaeaf578bd68bc20e6ddeeab1237a06fe639,telegram-linked-precedent-ca5b01d6611a8931b81732e2,exact_normalized_text,retain_incoming_output_and_review_do_not_promote
telegram-linked-precedent-cfbc470f99bbf27f29660a18,809,28_2 مجموعة الاحكام القضائية.pdf,1e820cca5e3913db1d84f411ed1524aba74ec264abb9a20aaac283cf48d2b8a2,telegram-linked-precedent-1b38e63db7ff37b4ddb50005,exact_normalized_text,retain_incoming_output_and_review_do_not_promote
telegram-linked-precedent-03ca3db92ed21266f54ca486,810,28_2 مجموعة الاحكام القضائية.pdf,307c1e073eab0739991a02cf2c65ff0cae0ad2ba22460b017b09c2db79978bf8,telegram-linked-precedent-85d1d7c05d3d3bcceef17414,exact_normalized_text,retain_incoming_output_and_review_do_not_promote
telegram-linked-precedent-06be709327349ec08be6b5b0,811,28_2 مجموعة الاحكام القضائية.pdf,634575fb4ef201ca7d323b44d8863f406bb4482a1c904334265f7afbb6f987f4,telegram-linked-precedent-8385289175d060e3a34f3c57,exact_normalized_text,retain_incoming_output_and_review_do_not_promote
telegram-linked-precedent-d99ed365a16d24492b409424,812,28_2 مجموعة الاحكام القضائية.pdf,d90b34ec416cb64134428287ae57752270d7438b2ab0a2a6ace27bf19b4cc761,telegram-linked-precedent-d8acbb139eea0a0819f6af43,exact_normalized_text,retain_incoming_output_and_review_do_not_promote
telegram-linked-precedent-a40d9ef6754b78f0c72f68ef,813,28_2 مجموعة الاحكام القضائية.pdf,6fa37d2cdef867ae4bf6e3b52e61b6aa84b2d19fdef4654a49f695ae7d78ee82,telegram-linked-precedent-02204326a5554d6fe4b98e7b,exact_normalized_text,retain_incoming_output_and_review_do_not_promote
telegram-linked-precedent-f4b12071ea78b2aa3ba4458e,814,28_2 مجموعة الاحكام القضائية.pdf,7765913e8c7060905341042afdd33d2376bf7ca3cd7785b1f47c4288443bce1f,telegram-linked-precedent-91a2a60b2c4b12e9820877de,exact_normalized_text,retain_incoming_output_and_review_do_not_promote
telegram-linked-precedent-f22f5f42980e182136c8c843,815,28_2 مجموعة الاحكام القضائية.pdf,1924c1e08ea8ed8ac7e4891724cb1d825eb4ff64440e2e5416852d16ac235748,telegram-linked-precedent-99821a597f45bd714c141aea,exact_normalized_text,retain_incoming_output_and_review_do_not_promote
telegram-linked-precedent-4f6aa794f3def5198ca320d9,816,28_2 مجموعة الاحكام القضائية.pdf,9d2809b73709115d116885ef33a59f78da347cf3288b5bbf4000047eb25e63de,telegram-linked-precedent-20e5cd02d83630beeef9a849,exact_normalized_text,retain_incoming_output_and_review_do_not_promote
telegram-linked-precedent-11e09e5aa79bbbe7dc29f03a,817,28_2 مجموعة الاحكام القضائية.pdf,34db7a255ed76e249b893f06ce3b8159bc35fad4d1ebc6c052517a2149650e3b,telegram-linked-precedent-94b900fe1c1fbcf448cc7e24,exact_normalized_text,retain_incoming_output_and_review_do_not_promote
telegram-linked-precedent-300ca9717eefad90b7e41243,818,28_2 مجموعة الاحكام القضائية.pdf,a87ec34d3a10eccbe6c10c14509bea9f321d0e12220af8ab824b04f1f8e04fee,telegram-linked-precedent-363f925416c9eaf623fc535e,exact_normalized_text,retain_incoming_output_and_review_do_not_promote
telegram-linked-precedent-a1e8822c0cfcd83d7c1dbd49,819,28_2 مجموعة الاحكام القضائية.pdf,ff6b36c6588ac4c7f8914923649f288de462b2ea4c22c9d3af465f9161479476,telegram-linked-precedent-03ae4a6a4fa97419aff24130,exact_normalized_text,retain_incoming_output_and_review_do_not_promote
telegram-linked-precedent-9b005749a360070c7de63873,820,28_2 مجموعة الاحكام القضائية.pdf,072e45de47c768f60e65564e48d26a5970cfd42487bcffca25ec849584048f84,telegram-linked-precedent-94ef41e174b0886269516c0f,exact_normalized_text,retain_incoming_output_and_review_do_not_promote
telegram-linked-precedent-da434cbf67deaaa2a0a0c6b3,821,28_2 مجموعة الاحكام القضائية.pdf,12a8002697f4ad63615d24ba472f7d572e5160f01aeac32b6e0f60d6483be5e7,telegram-linked-precedent-0734ca6494cfc50424c83481,exact_normalized_text,retain_incoming_output_and_review_do_not_promote
telegram-linked-precedent-2319a35a7ce11757299fc420,822,28_2 مجموعة الاحكام القضائية.pdf,df8a1a6097f77cf365d236f8da772def73cd03f41e96b8fc39fe947d04264cb8,telegram-linked-precedent-fb27c2c3b8a85af84c31612e,exact_normalized_text,retain_incoming_output_and_review_do_not_promote
telegram-linked-precedent-19481a20c2001749e19d89ef,823,28_2 مجموعة الاحكام القضائية.pdf,d1d6155a6339c6569456e4f97fd74a3d7b8a785640ae87c8ce7d4f2c74b55f75,telegram-linked-precedent-1f4ca88a1149dcb0da420ac7,exact_normalized_text,retain_incoming_output_and_review_do_not_promote
telegram-linked-precedent-5b0a160596619cef36ca6cc7,824,28_2 مجموعة الاحكام القضائية.pdf,3286ed6bb91f892d9e7d1b0565e182ff8b69ccedb7c41b223de732e80f5178a7,telegram-linked-precedent-5cca7f3283e1df4368dac669,exact_normalized_text,retain_incoming_output_and_review_do_not_promote
telegram-linked-precedent-3271c524ab93cfa434ef33b2,825,28_2 مجموعة الاحكام القضائية.pdf,c0a05ad8adfcc46fa6546f98185b47271be59096bd0856bddd35877957daf7dc,telegram-linked-precedent-3e683a060903e45af2ee21ff,exact_normalized_text,retain_incoming_output_and_review_do_not_promote
telegram-linked-precedent-6d63671864116c9885ce6b1e,826,28_2 مجموعة الاحكام القضائية.pdf,9be2ec8d85db532f58e30eef33f8a220a6205f7ea7c62e8bbab484ddf775da98,telegram-linked-precedent-0d7fe695215fd00ebe4b725f,exact_normalized_text,retain_incoming_output_and_review_do_not_promote
telegram-linked-precedent-b29e2c53ae97efcee7078f28,827,28_2 مجموعة الاحكام القضائية.pdf,e982b4a91784d0641a0b2fc14b1b74866314ffda99a1c97a77ddc9f30323fbb5,telegram-linked-precedent-10271a418c2f9cd05130a479,exact_normalized_text,retain_incoming_output_and_review_do_not_promote
telegram-linked-precedent-e5c6aa4fe52be539cba6b08d,828,28_2 مجموعة الاحكام القضائية.pdf,9a3d0362e2b0c1d2bd6cb13f29b97b31e0c15f0fc10720cb401f1efa2a60acf5,telegram-linked-precedent-18f5a7863dacc4550d8bb102,exact_normalized_text,retain_incoming_output_and_review_do_not_promote
telegram-linked-precedent-58a80a93133fbd59afbd989b,829,28_2 مجموعة الاحكام القضائية.pdf,18be90e1c3674359f61f97c5d3bb3fa3c22cf60e163f7a74460f544dfe361da9,telegram-linked-precedent-98d6e979e9fd80f32c0a2a35,exact_normalized_text,retain_incoming_output_and_review_do_not_promote
telegram-linked-precedent-00432a8a6c040ed36d61519b,830,28_2 مجموعة الاحكام القضائية.pdf,bc2d891ffd3a2fdffcdd88c0eefd8a7968a047a516cde1537fa54f4be0820bbc,telegram-linked-precedent-7e547e4da19a0ca1626e017d,exact_normalized_text,retain_incoming_output_and_review_do_not_promote
telegram-linked-precedent-c167651a523feba08b970f00,831,28_2 مجموعة الاحكام القضائية.pdf,59387cbdfa97e7cd698791307c74bc96a49af9b8d1e859d2a7b5ed5e0e1d0576,telegram-linked-precedent-6bf5161dae05220dc90c21f8,exact_normalized_text,retain_incoming_output_and_review_do_not_promote
telegram-linked-precedent-c83f3be7e975a719a95e68b7,832,28_2 مجموعة الاحكام القضائية.pdf,6dbfd6e0465ad51464076053ab445e05b29f18ec9781f63aa3bf0feab3daab30,telegram-linked-precedent-8d6cac326cd115ca6d0d95d9,exact_normalized_text,retain_incoming_output_and_review_do_not_promote
telegram-linked-precedent-f1431d5b94461baf1dc15c59,833,28_2 مجموعة الاحكام القضائية.pdf,9b251df7723de1baed9a8f5f25b5da9243bb4f5808d7503d97a9a30e252edfec,telegram-linked-precedent-ae39e0062b35b75f61700323,exact_normalized_text,retain_incoming_output_and_review_do_not_promote
telegram-linked-precedent-16db2243dd1cd57ee61268be,834,28_2 مجموعة الاحكام القضائية.pdf,d6a733e9204166d4b56e4006043b9eb72af30ab93d0a994c6401e21537568e3f,telegram-linked-precedent-12756ea8202150fe399c5ba1,exact_normalized_text,retain_incoming_output_and_review_do_not_promote
telegram-linked-precedent-a6dd9f3c2ca7d4defcb0e6f6,835,28_2 مجموعة الاحكام القضائية.pdf,aae3c4e7bfd377d81f92a5b3918bb1926ff56fa0698dcec4c1f0a24bd011f6ae,telegram-linked-precedent-458a69ff1f67ecc5a0473d6a,exact_normalized_text,retain_incoming_output_and_review_do_not_promote
telegram-linked-precedent-a53ae6240bef24c5274c71ff,836,28_2 مجموعة الاحكام القضائية.pdf,037e4928b1fedfb8594c38c3b3b6acc3731da03195ca88629fe32523ae5e70bc,telegram-linked-precedent-a2074abcc6c7a439839d9e6e,exact_normalized_text,retain_incoming_output_and_review_do_not_promote
telegram-linked-precedent-247db0aff3b17f8e2f94ee56,935,25.pdf,e7f6c011776e8db7cd330b54174fd76f7d0216b612387a5ffcfb81e6f0919683,telegram-linked-precedent-1319e4f14e6a04f99d6541ed,exact_normalized_text,retain_incoming_output_and_review_do_not_promote
telegram-linked-precedent-566ab90d251fcbe94ecea0c6,947,15.pdf,e7f6c011776e8db7cd330b54174fd76f7d0216b612387a5ffcfb81e6f0919683,telegram-linked-precedent-1319e4f14e6a04f99d6541ed,exact_normalized_text,retain_incoming_output_and_review_do_not_promote
telegram-linked-precedent-ba926735a68315d4133f1bc4,1057,3-1 (1).pdf,e7f6c011776e8db7cd330b54174fd76f7d0216b612387a5ffcfb81e6f0919683,telegram-linked-precedent-1319e4f14e6a04f99d6541ed,exact_normalized_text,retain_incoming_output_and_review_do_not_promote
telegram-linked-precedent-cdd46fdb7cef3d2015596036,1108,3-1.pdf,e7f6c011776e8db7cd330b54174fd76f7d0216b612387a5ffcfb81e6f0919683,telegram-linked-precedent-1319e4f14e6a04f99d6541ed,exact_normalized_text,retain_incoming_output_and_review_do_not_promote
telegram-linked-precedent-3f6c5efb890de47951e543ef,1109,3-1.pdf,4f94bc64d873020393e97042b3f3aa35c0c6ad2af7b566dc1171d042dc7970fb,telegram-linked-precedent-0ac7ee3fd14365a81b90aea6,exact_normalized_text,retain_incoming_output_and_review_do_not_promote
telegram-linked-precedent-2c9fb791d22aa732623e5c2a,1110,3-1.pdf,11f42fe137e289add23b75e23bab40b9efef8f3306804422e5a0188724cbe246,telegram-linked-precedent-f939cf1c734493eca1a35a74,exact_normalized_text,retain_incoming_output_and_review_do_not_promote
telegram-linked-precedent-3fb1d87dde1c56b2d7b6ea88,1111,3-1.pdf,7d8e3bdd804e0c1a6b1c2f70a779792ab4a50c70f89328335c672ffc95b7d832,telegram-linked-precedent-5e68d13da73cf7a6c849c915,exact_normalized_text,retain_incoming_output_and_review_do_not_promote
telegram-linked-precedent-c2c584243ca764c586e791b8,1112,3-1.pdf,ce8b6cfd73b29fc4fd476e927ec7c6917f08de46dfdfc1612741df9539cd89aa,telegram-linked-precedent-9ef97d8ff06702ef7f62687e,exact_normalized_text,retain_incoming_output_and_review_do_not_promote
telegram-linked-precedent-b8216971bdf4dd09ace60b11,1113,3-1.pdf,ea77a13e443f7dee0e8c548c747a84e08dc0a358a65f447eba01c01ef226355c,telegram-linked-precedent-4a0497978288d2c0c9ece2d2,exact_normalized_text,retain_incoming_output_and_review_do_not_promote
telegram-linked-precedent-78f9e6f48a127ca36b541aa0,1114,3-1.pdf,51f710ca32d284476dd30c55e300cab15a84935c1a24cd7bc3dccb9cb8902657,telegram-linked-precedent-8f53a46eef7489534bef0f44,exact_normalized_text,retain_incoming_output_and_review_do_not_promote
telegram-linked-precedent-66993302ff37282410db72a0,1115,3-1.pdf,9c3652750a9e24bd1b30640b45af16be85472bcc47c0ce2864b3481546514c80,telegram-linked-precedent-da4f529cd3be3bd20665af90,exact_normalized_text,retain_incoming_output_and_review_do_not_promote
telegram-linked-precedent-100ef5bf6ba6588bda7b7542,1116,3-1.pdf,ea8a0de6fbd6c2cf94c26c2085719cb4e74c74a6bcf52e7b07339e875cb59dfc,telegram-linked-precedent-22751de4dc5a363cc368768a,exact_normalized_text,retain_incoming_output_and_review_do_not_promote
telegram-linked-precedent-df8ec837d773447aa6ad0664,1117,3-1.pdf,64ce3d32acec880ab58d443edc3f2c978a751405ffb39a83ec198d6da79993fd,telegram-linked-precedent-72095b758a505bc9eceee0c4,exact_normalized_text,retain_incoming_output_and_review_do_not_promote
telegram-linked-precedent-facd1684cd8c9daae7ad8201,1118,3-1.pdf,e651daae06a78a9b4b0931124c175acd3c75ce273ae0df3601df909fd51737aa,telegram-linked-precedent-aaceb0b92df374172bb9b155,exact_normalized_text,retain_incoming_output_and_review_do_not_promote
telegram-linked-precedent-d3e3a4210d45e2c7dc46ddb2,1119,3-1.pdf,1b17f7d11d39e1ed275080eeafc7d4afc5288ff32afd87469e5cf28fcf31dddc,telegram-linked-precedent-d8094c49786b89e7467effc7,exact_normalized_text,retain_incoming_output_and_review_do_not_promote
telegram-linked-precedent-7a89fdeda5fe7172913faf7b,1120,3-1.pdf,c19f71af32fc08c582355700ceed8f6a376b08be42e9f006f3c35400949695e9,telegram-linked-precedent-b6ddffcc9df7d712e8140a79,exact_normalized_text,retain_incoming_output_and_review_do_not_promote
telegram-linked-precedent-c8e0743454bbd010d2fb6145,1121,3-1.pdf,f6d264aaa11527c4c32aeb3b00797046d912accc136e7f43b14a4e1720d9c259,telegram-linked-precedent-445cc7d4acad23c28213b7b0,exact_normalized_text,retain_incoming_output_and_review_do_not_promote
telegram-linked-precedent-b72824abcbdb47d7feea2046,1122,3-1.pdf,0c69fe5c35807d2cb3f0ec8f63eebb82bd14972e62eb3d0341bd358401922009,telegram-linked-precedent-70dc4d7052563e58393d3da5,exact_normalized_text,retain_incoming_output_and_review_do_not_promote
telegram-linked-precedent-55f58d11384b45539a1f7969,1123,3-1.pdf,0b5eb1e1efd7ed29f96900be831e82d49d8ecc547b35aed3f08cd4cf1e624119,telegram-linked-precedent-d50b9bc538cb49d5b043c88a,exact_normalized_text,retain_incoming_output_and_review_do_not_promote
telegram-linked-precedent-e43cc2dd669dddc53be5965a,1124,3-1.pdf,f520ee3fa0ad445d985ac09a8b5403c6297cfab862d50a6ee90f6b0226a59466,telegram-linked-precedent-7948faa8abefcd02bd6c9a50,exact_normalized_text,retain_incoming_output_and_review_do_not_promote
telegram-linked-precedent-1b607b85147f465af35702c8,1125,3-1.pdf,742dba60d816c43cbf219a0d5555adedf18183db7e8cdffbc0a14100445603f2,telegram-linked-precedent-05f8273a1fd50574cecd6a5a,exact_normalized_text,retain_incoming_output_and_review_do_not_promote
telegram-linked-precedent-9d0fd3b57fd49c4d36c28601,1126,3-1.pdf,6addc78df5785eba91696449733f744cc16b12e32f86a4c38b7521d5f4109e46,telegram-linked-precedent-92ddadbe115161ebd9e4dbbf,exact_normalized_text,retain_incoming_output_and_review_do_not_promote
telegram-linked-precedent-4ad2a920f45579503dc2cb4f,1127,3-1.pdf,5b990fb9b8b261131000033b0d1485235b2f12a509f1cf52bde31af6c07f37f4,telegram-linked-precedent-bbf5d0b6ff6fbc925f047068,exact_normalized_text,retain_incoming_output_and_review_do_not_promote
telegram-linked-precedent-2f9c57ad2fea7c0420c8fc34,1128,3-1.pdf,1de11288d5dc21b08300cc726f3d7f4bdac3455cbf8c8dbf99f348ed783a8831,telegram-linked-precedent-db14abe5ff74e22409f8ffe8,exact_normalized_text,retain_incoming_output_and_review_do_not_promote
telegram-linked-precedent-82d3b11b60b67f6be5e6963e,1129,3-1.pdf,bb2175961296b75984ecd1454c0300dfe1f69f857c1282650e0735a6f2b773c0,telegram-linked-precedent-9389e34690d5b5dbc3fd0091,exact_normalized_text,retain_incoming_output_and_review_do_not_promote
telegram-linked-precedent-21479f46e6e4af7178743df5,1130,3-1.pdf,1cb8fb6696825d6ee24a792eebfc07dc4473ad2ab7dd447815e55d2806fc8796,telegram-linked-precedent-658a4d3c463962c309438afe,exact_normalized_text,retain_incoming_output_and_review_do_not_promote
telegram-linked-precedent-2fcd2032f29dc5d19eaf2311,1131,3-1.pdf,5a4e83ff7bf89fbd6029a9d26acab2f47fbdb37a3404ac27820d6c53a676df94,telegram-linked-precedent-548af0ef3777f88cbb6cf0f2,exact_normalized_text,retain_incoming_output_and_review_do_not_promote
telegram-linked-precedent-0e2a12c1c30b53410d23c71e,1132,3-1.pdf,a188e40f4303bd0d3231b9aa863296b7167169af77878684dd7e72c5ea194a4d,telegram-linked-precedent-6b3e176abb3d1e3b0163b1c3,exact_normalized_text,retain_incoming_output_and_review_do_not_promote
telegram-linked-precedent-e2dfe0a2b2f1b9cf942dfd01,1133,3-1.pdf,8a457cf83798b103a10d4c830543cc12cccaf328ab9b4fe8cd02caa18ac42e69,telegram-linked-precedent-46aa5de801f20bfe92c5d10c,exact_normalized_text,retain_incoming_output_and_review_do_not_promote
telegram-linked-precedent-43515b487d7c94c772a4308e,1134,3-1.pdf,2e1545f0a5e02b92ec7a846f630fc39f6adb5dbff00e3b79974ab6921f61c31e,telegram-linked-precedent-f62d605954119495ceea8e12,exact_normalized_text,retain_incoming_output_and_review_do_not_promote
telegram-linked-precedent-8854c7e3b781edab851e954b,1135,3-1.pdf,7c0159d5ca17c22d710a339a935e94d29c3c6845951ad3247f0b8298b1441386,telegram-linked-precedent-dc6b207f101a39440565b146,exact_normalized_text,retain_incoming_output_and_review_do_not_promote
telegram-linked-precedent-8a45558fd8988ad4b18aebbb,1136,3-1.pdf,d741497a39cd9b069ee44350b464fd641282caf42d9f6b62f9238fca422f0b6a,telegram-linked-precedent-ab316050aa59985581b1bd84,exact_normalized_text,retain_incoming_output_and_review_do_not_promote
telegram-linked-precedent-cdc0dcd8fc937b580b75cd24,1137,3-1.pdf,a920de72423763a98e64e8c2e424e89a64d3d36454f2bcf44868fce6b27005f6,telegram-linked-precedent-bcf34c6f81188d6ed8da405b,exact_normalized_text,retain_incoming_output_and_review_do_not_promote
telegram-linked-precedent-c9ff66d93c73ad58c40f8c00,1138,3-1.pdf,c77209ae7767017daaf6442a3138f778475c9b51454506844f0297ea55dbdd47,telegram-linked-precedent-359cf8e8b82081e9036f193a,exact_normalized_text,retain_incoming_output_and_review_do_not_promote
telegram-linked-precedent-1d5f2bd9847f52f0fcb5c1f9,1139,3-1.pdf,e37533ecdab2d1cd8a66c899b2567820d76953bcbb59126f40a2a909ba87e793,telegram-linked-precedent-2d6dfb35c77624a4fa1cc7b7,exact_normalized_text,retain_incoming_output_and_review_do_not_promote
telegram-linked-precedent-ac721072de84d4f5711c032f,1140,3-1.pdf,87c8cd39f4861c853b8a96f2ffbc6d91318623660039a537bd1a259b9c203bfa,telegram-linked-precedent-1c7e8b3d41f1d8fa263a4e74,exact_normalized_text,retain_incoming_output_and_review_do_not_promote
telegram-linked-precedent-28e0f114ac9ee0ada8411a9c,1141,3-1.pdf,a6d777e44824587f1c81ca0797ca5cb38ca12351e6294935f92c2a745fa4c1ff,telegram-linked-precedent-8529113c1f8ba9280a3fdfc4,exact_normalized_text,retain_incoming_output_and_review_do_not_promote
telegram-linked-precedent-4be145d36774b16c772945c7,1142,3-1.pdf,7b4434739e6f3b60a95771545bb95315556f508c805d09d7168e3b2b385accec,telegram-linked-precedent-c06a30c36f31c87a6f72a41c,exact_normalized_text,retain_incoming_output_and_review_do_not_promote
telegram-linked-precedent-b05e1e7ba2189b69a3ec5c15,1143,3-1.pdf,db3427cde65fd5a5470f6ae5c3d7bd079f125a1c9b33c42bf7c1df3304557019,telegram-linked-precedent-50cb36e53b6375a5429a742f,exact_normalized_text,retain_incoming_output_and_review_do_not_promote
telegram-linked-precedent-60fa43083947bb75759fffe6,1144,3-1.pdf,edef565919266a80c9a9650cb1fb1dd325535e20f6fdbe68829e2ec6f7b5e2eb,telegram-linked-precedent-8303582c8b3f02a3ce6625a8,exact_normalized_text,retain_incoming_output_and_review_do_not_promote
telegram-linked-precedent-8bbf9f1da07fb2f7f0d60c50,1145,3-1.pdf,146f7112b86faa4f6dcd6b97499807fcae6ee3ffd4e64242847fcf39785a4305,telegram-linked-precedent-cd543c6ac146324c6d27a79d,exact_normalized_text,retain_incoming_output_and_review_do_not_promote
telegram-linked-precedent-a8c814bb18767492a4fba493,1146,3-1.pdf,b8a427744ec1f90d72ec2c5f923c3b62df7fd56d355b48b28f3f1a9e72aca6ff,telegram-linked-precedent-51ee16767890c4bb91519781,exact_normalized_text,retain_incoming_output_and_review_do_not_promote
telegram-linked-precedent-69ae9d775e2ee69b6441e8ea,1147,3-1.pdf,44d70b9c6b00587a60529ae7a6a74e1ed0e3689cbe346b96c1080d1e5cc4d9ad,telegram-linked-precedent-916e2c08d066cadcc1724676,exact_normalized_text,retain_incoming_output_and_review_do_not_promote
telegram-linked-precedent-36bf3ef24677048ca4f688eb,1148,3-1.pdf,619c2a8d6c450fcd8149376bb17899628f291f14e6faee4fd9289fa30010603d,telegram-linked-precedent-cfcc73403df272ff7330a0d3,exact_normalized_text,retain_incoming_output_and_review_do_not_promote
telegram-linked-precedent-a6aad2a075009a3270f6e9f8,1149,3-1.pdf,edad335dd82a4afbc163938b59f6ff47b4e7888fd54a9f96bc3aab058200efbe,telegram-linked-precedent-fd588c9bd22f7391c76f3541,exact_normalized_text,retain_incoming_output_and_review_do_not_promote
telegram-linked-precedent-bebe560df9ef429b4d520f47,1150,3-1.pdf,00b1c4f8964cb208bc34bb011f5592be1055cef5dc864b28c0bb93fee36a4c9a,telegram-linked-precedent-733ae7b045f6ffa8d6f82f6f,exact_normalized_text,retain_incoming_output_and_review_do_not_promote
telegram-linked-precedent-74c202d828142175be87c2c0,1151,3-1.pdf,c8f8d15af86d06bad2b01bb884d8811889790835dc6783089d050448f10ebee4,telegram-linked-precedent-e7dd11ff7f813027ab56218d,exact_normalized_text,retain_incoming_output_and_review_do_not_promote
telegram-linked-precedent-e59eb93f207e9e81c7bad25b,1152,3-1.pdf,68eb420e4934d6b2d545e3cbae5b4428baf58ab5386100efe7fa50f0113df771,telegram-linked-precedent-5e2ff06caff7a45de4c75a9e,exact_normalized_text,retain_incoming_output_and_review_do_not_promote
telegram-linked-precedent-d266a3ae6cf85ed69e60a892,1153,3-1.pdf,34278717c841d4eebbd85336e03790f343b48bbba85cac367e6cf0eaeff705bd,telegram-linked-precedent-3cf57f1a5c4b34ffce3b54e3,exact_normalized_text,retain_incoming_output_and_review_do_not_promote
telegram-linked-precedent-603b92c05babb581ff3bb51e,1154,3-1.pdf,f78611af77b944aadf892db351154e846769d71358f21dee9981009a608c12d8,telegram-linked-precedent-80a4ec3f7a34671a67ff5460,exact_normalized_text,retain_incoming_output_and_review_do_not_promote
telegram-linked-precedent-5848d6b203476934538c7174,1155,3-1.pdf,45490185586ae9396404c4a7e7c03706b9b160db36796d4b89069ae161247657,telegram-linked-precedent-ad1795440b31b35a78662830,exact_normalized_text,retain_incoming_output_and_review_do_not_promote
telegram-linked-precedent-781539aaf6d3c93ab7f6f4f2,1156,3-1.pdf,cadda1e1bbba9bf8a945e4321b2e6ea9aa206ac95c05051ef21eae1ac7a33847,telegram-linked-precedent-f553483c7c0aac0382ceccaf,exact_normalized_text,retain_incoming_output_and_review_do_not_promote
telegram-linked-precedent-8ba8dab7d904d576e17679cc,1157,3-1.pdf,e58ab5d41e2d75b9f0b7b0fe0f22d4e2ab7dd111f90262e64392d92750e5e8e1,telegram-linked-precedent-748719e6a8dd4d8698eaee22,exact_normalized_text,retain_incoming_output_and_review_do_not_promote
telegram-linked-precedent-ce9413d424aa8e509da7b11b,1158,3-1.pdf,a22f3da4511348a8123f4657b4ecdca2fe33fd64cbc0a9e8ee21acbf5bec981c,telegram-linked-precedent-066df2198cea594c0cf1d93d,exact_normalized_text,retain_incoming_output_and_review_do_not_promote
telegram-linked-precedent-3cff71246ba96454d3dd12b0,1160,29-1.pdf,b0155824fb69cd47cf94af90b51e1fd4b323cd58186e78a2749e8ea3768e3287,telegram-linked-precedent-ea0fdb8283288112aa985367,exact_normalized_text,retain_incoming_output_and_review_do_not_promote
telegram-linked-precedent-cc4a9e45f8eb25e640590dd7,1161,24.pdf,e7f6c011776e8db7cd330b54174fd76f7d0216b612387a5ffcfb81e6f0919683,telegram-linked-precedent-1319e4f14e6a04f99d6541ed,exact_normalized_text,retain_incoming_output_and_review_do_not_promote
