source_id,level,sha_or_key,canonical_record,match_method
171,document,e4a1955ce272b38f391144333ed48a27366e891c09d9371b993b7981a9a66de8,nafa-171-79-471,same_legal_identity
171,document,183800ad03e827ab9d5ac94522780e322999a49ffa62cfe5d804a7a667d4b061,nafa-171-28-11016,same_legal_identity
171,document,0ae83768fb88c9742bfc7515821b06da15b3205230c9d5273ffe7f0b97a81a27,nafa-171-18-1572,same_legal_identity
301,document,80b232126831d0e7d40080832377db304b062d46e055e3a4f439a38a100a761b,nafa-299-1-431,same_legal_identity
307,document,85a48901a57c916ad490b9ee217b63c7a7cf8a5a9dfa28df15441ec68dc82f99,nafa-306-1-432,same_legal_identity
812,source,9e637fcb44d63e2f73aa72d0871a4393204df9db7d3c410aa1ffd8b604d91d3a,501,exact_binary
856,source,7a4eedfe8c2bc080f4f6334273ea64257f19e6e8f9e6920821ca32ce256270ac,854,exact_binary
1083,document,50cb07da6e3b422ed581a8cca206fd64ed400ad926859b438fdf22a225b7f3f3,existing_deed:3314438,deed_number
1087,document,e2d2473936d34c7220cee7d2950a466120ba86cdd5a655048b26f21674965ab0,existing_deed:33227400,deed_number
1088,document,9c51c199ca22d92a3ffa8253b58f0287e05d5b0d9e7976dc2290165916680528,existing_deed:34146939,deed_number
1089,document,21ac7bb0a694760f2b3596cdbf8655f53f3b4da427d2b15dd45f98fe72a07beb,existing_deed:3438447,deed_number
1092,document,50b803045ccd7fe6b6630bdaf4ce67ac144f0bd16175de165a546dced0047d4a,nafa-130-1-34168839,same_legal_identity
1093,document,f31046a3f8478e8adf141b231fb936cc0e94479dd1145f33dcc00a3d35224259,existing_deed:345654,deed_number
1094,document,8ef27a188ca862ccd523b0a028178cab6096ce282bc886c066330982140439d1,existing_case:3499517,case_number
1094,document,7aac6efc334efdb971b1799ccda2037152d6b82868416586051a60bdfab96e50,existing_case:33567132,case_number
1094,document,af5214ffd26f75b881a814f543c4ba0924a39ad0dd7a024cb8bd60e11b2df723,existing_case:34315880,case_number
1094,document,f29533103b6a152a429bb9a7df544baeb198b4dad13dc3725587e49ba0c57dc1,existing_case:3461857,case_number
1094,document,2592d82c7380a11a37dfbf1a08b5d1c5f608d361a45e26ff5719f1e912125e51,existing_case:33525902,case_number
1094,document,dbb217addbf3c58097cd2472ebd28e89a0bb42d3c96fb5885c765fec5028125d,existing_case:33598493,case_number
1094,document,594a7041db2116b88ca6ed454cc13e6cd4907db43662cc58afb801b394230811,existing_case:34284388,case_number
1094,document,a4a9db7c089b683cd017b3231562bb844d0985a9638c876b2bb248f780f9fe2a,existing_case:3329988,case_number
1094,document,82b407496557afb0ac949476cdf690e1ad63c918ff43ae759acfcc26aa23d0fe,existing_case:34144313,case_number
1094,document,4da7ef7df62f937bdb51351ad3a6074a8587879147c50df09d0dd13877609d87,existing_case:33444620,case_number
1094,document,f9651f4bbfa049abc6e2b3201a32b4c32b085d69542a15d89c3bb2052ac20d20,existing_case:34121146,case_number
1094,document,127e5328e6d4b64a848605a2da9f8cbc05fc2a3521f587652e875a0ae773b44f,existing_case:34121828,case_number
1094,document,f51a2d3b72f0670eaacf32855cb82dcd39cb465e9ec4c4a8a3b3dacee83b7101,existing_case:34123638,case_number
1094,document,fba5c2514e02da1ad69c66a67c729be6b1a71ce0e9857956b55e308435e7a1df,existing_case:34124903,case_number
1094,document,bdc95a22971dfd04fd5e27bf3661aef4b4dcb7bd44a5c9baf4d408dcfbda86e8,existing_case:34128829,case_number
1094,document,839121f67435dbcd68c0f5ce9241a6455bb68208540b66993f6c6c5085353859,existing_case:34136208,case_number
1094,document,9a46975247863998810c9c695bc590e85b5c551c54a9e6742776eb23bda9b087,existing_case:34150032,case_number
1094,document,317d138bef57d3b0e0b14051235b014003eeba84b309cbf6bfba83372eff8f28,existing_case:34159717,case_number
1094,document,794bd39736dbd377311c667669a940636599f8600693d0fc5a4a64230f07d896,existing_case:34100434,case_number
1094,document,4c0445865171bb1ae83d8958dfbf267557a8d8b08ebc650a0028ed9c2c8712e5,existing_case:34186693,case_number
1094,document,ba362f37219e0be8dc8896378bf51a64993cf1a7fc31d67d01dada839193b521,existing_case:34278146,case_number
1094,document,9411b48fb6050593a9467bc8e1fe9482b2c05650d1e2e915d9d6242da483f89e,existing_case:34395152,case_number
1095,document,ac40d010d339163c869d1d7002ccbc8d146adffab0a24f98420a4bb858d4894d,existing_case:3097,case_number
1095,document,4de854a4ee99082abbf4ba3dcc9b8f5e233f5106bde485c413931824fa274e52,existing_case:3797,case_number
1095,document,ef80b217cf39f0989e9ec36f42fa60e6046d3f7949629dd9c0554163971fb5fe,existing_case:5036,case_number
1095,document,8091f8c7166be7d2f749dadb9166a83483a0b04456b52e3bca6922cdbe559137,existing_case:34332,case_number
1095,document,56aeb0a5e8a5353d494c442dbddcda5763806389a145788e9e82ed219f07d56d,existing_case:344201,case_number
1095,document,e6f961a4075ffefc202272b7385f1da008d2bccb3ed570773e0de44ee2036c34,existing_case:3316565,case_number
1095,document,afbfb528310b8f2ca9d2a26b856c5ab7b1581829fd9ef6bdf747f4e0dd583fef,existing_case:3352875,case_number
1095,document,936c5c8d75012d3436343b8efa5974312d73ba6b6af69d6a17a99b930fb0ebaa,existing_case:3377610,case_number
1095,document,7415dcd870f303b2b08356a984528ed55190b37be2cb4a3e8b7a0ec8e262aae7,existing_case:3422842,case_number
1095,document,7ef767e415917ad9696d2dadf7bf270efbf9d608985e4dded1db5b9fbb47947e,existing_case:3466341,case_number
1095,document,9bc692600027831b3156d1f9ae530c34d741f9f61dd54f9b3db088274077b3b7,existing_case:32248103,case_number
1095,document,a592aa267f47c0d7adea4353c8495d2d5aacff34e7c6103b7ae9293cd2139b5b,existing_case:33225620,case_number
1095,document,f79bfa120ea28ee805471493d2228ebf6b48fbd07e666fc5685f96e3d421a3ab,existing_case:33421240,case_number
1095,document,11926dcd41e97cc0802adfeacce06e46d72a23112ae2e671243c8d754c87b0be,existing_case:33442420,case_number
1095,document,58dd8805f23d228c3af50b58fbf7c22f8e479d70880f1e9af671e97ef9c23c2b,existing_case:33463588,case_number
1095,document,39971257d5c1d12416a65a6e65b46feaedc65f4582452fc847d5711b60c955f6,existing_case:33489427,case_number
1095,document,d411baabc1ee4310843a34d445eee375249a56e7620662ff9b0f8a3d775020e5,existing_case:33493910,case_number
1095,document,393f5474d4f85ff2c15a46cb3b110e660be41d97a2549473d2cf2e2e635f0420,existing_case:33504822,case_number
1095,document,92fd2a8a9d0732eebe27160ad7a1b439e08f2dc560e564d406324269221a3e1e,existing_case:33547013,case_number
1095,document,00e4a5c0c42a6d616fba3d32345feadd1af1ba32ea27ec0e4607a324d641236c,existing_case:33552912,case_number
1095,document,1330b1f23e881b427fa9c887e4c20d783a76447409eb00eaaf9ed24f98ce38f8,existing_case:33581555,case_number
1095,document,500fbbca7dea0e3469b15c547a0288b8b000ff7067cea668a00d73a26484682c,existing_case:33612613,case_number
1095,document,6926c0342eed3a6bda0fb0c4ac425fcb5d8d75d003590d7e8581bb6292918afd,existing_case:33648023,case_number
1095,document,dc8488c2f16eca65af279f328a8df68746b4d2f340864d2094e44dc6a452141e,existing_case:33659755,case_number
1095,document,4c6ce582fea156039ef5d7d5469e9877f9cce23e550f827365e14c5e0da5a11d,existing_case:33670840,case_number
1095,document,0a7c4fba77d90a60b30631a9d4b462a831c3d63b2baedffbe6cd27be2c6d2e99,existing_case:33673241,case_number
1095,document,1f01312878358130a9232acacba72e26ddac08b3388b9805f6b6a5175579add5,existing_case:33708187,case_number
1095,document,6556aa18a5981dc18ed990e9a2ce491a6f86a2e89f90706a9ef4d34aa3299dee,existing_case:34107889,case_number
1095,document,65ba94394f52dcca78326b8071310374728baab1dea9e470b480325f2ed37581,existing_case:34121171,case_number
1095,document,d0fcffc847fa59ebf2d9af670973a9ec6adf470d18f1290b9db844a03f254386,existing_case:34121921,case_number
1095,document,fcfb6940d1419ee52f1d30bdb5fe6b27b98df205a4d40e048cd65379a6e95c8c,existing_case:34129606,case_number
1095,document,9c5b3a55009c1d8d894e48cf5c803ed3f10a0666ac06be77e8fbed4eb7f7015f,existing_case:34141620,case_number
1095,document,1416b0f69c8de2f2b56ec3db069921ea2fd3e54da996eb076b9d6b5447643709,existing_case:34170345,case_number
1095,document,077ebf43782af1228ed044e94838a9fa4adeb7cd6cf5b368599a4ce8ed7a2474,existing_case:34176251,case_number
1095,document,a3b9b92d80b61d6f2a751698f9e705b61bc9ce6170db7d38e4f4edd8d0ae02a9,existing_case:34191499,case_number
1095,document,bc841fd711d57ec0dc8059f3736541db44f08edd52e2e06b145828a232d18e78,existing_case:34210385,case_number
1095,document,c2a0a2236792be132e4a1b94c11bb4fd899219eca9141c87bb21e08ccad009a8,existing_case:34214997,case_number
1095,document,5356e9bdf464a144af779caac95104a9a8b94ea8ecf216ee7f43e5a2015fb40b,existing_case:34229617,case_number
1095,document,3acb351a2e774bff57c647be7a90ca492b60c4dccc0cb905654b054d5a4f0c08,existing_case:34237103,case_number
1095,document,f5f3c3fcddd345faaa8eeb6d538dcd1876268cdcc3b8d4741bfa5201fc2b46bf,existing_case:34245333,case_number
1095,document,d4b27150882ff5601a0366c8b8ee3c027cfee154240bd06df8391aa883acbabd,existing_case:34281909,case_number
1095,document,e48b83d7e313f3f3a27b9ad6ae58495d147f11e1babf0205328e3e13115fbbed,existing_case:34292127,case_number
1095,document,edbdc64b17ad7ec531286d85d32ea507d57a96e6fa94c80ee931e215c6a3e938,existing_case:34301926,case_number
1095,document,0a4a6b0374b0bb16c96248b697d3e076a92788747418561b8e40eb8ea342893b,existing_case:34307088,case_number
1095,document,b14c484009442deab781809869d78ab6aa199ba9cb661fe04824b8c1f21dfd33,existing_case:34308172,case_number
1095,document,99fe09eb1a7f193b45c0a5efba072b2ef1cf6e2549004f271b052115e17c92bb,existing_case:34325002,case_number
1095,document,8f72901eb6b195725d07a8ebd715ee3503d499021f6da69275088e302334c602,existing_case:34353523,case_number
1095,document,0859c8a45c2f08f4e87c615e68b24e6f797f481c651580d1e56a5b5b26dc2ef2,existing_case:34277828,case_number
1095,document,f259bb55b2d1ef6ae15dca85bafcffe7a7ffc3153b721defb6faf5247482388f,existing_case:34439386,case_number
1095,document,cf55e72df6d7f8a088f376b9b00891154b4994c7053a1cc9f9f0dbeeeaf5441f,existing_case:3444662,case_number
1095,document,60c2655647947efe9779c3723fc45057fd95e8b5ee7c8ecf6153425c0f1011ed,existing_case:33593735,case_number
1095,document,bdc9157ac99288cd7187ef177f032453099d9353209b904b6781587892cbf3f6,existing_case:34205048,case_number
1095,document,7ee09873d4b8ccaf610741435281c2b10af60998c5c97706e90aa0c7a2f508a1,existing_case:34293921,case_number
1095,document,53a46a26b04427e17e1ce4fc89667dc4ddaef4e6fb35fc417c2efd482f054dc3,existing_case:34319070,case_number
1095,document,9cffe626dc5c654e7da75623e4349e37160074fee72b4e4d1f9824b201adcac9,existing_case:3418008,case_number
1095,document,250e031fbf8c56c5d1a6912b65316f9b70ce0f4e6f09ee3fec428bc28c1b9962,existing_case:33230324,case_number
1095,document,c363a49def2f5554df4d3356ffaad2fc6fafb135e78d4015bfe1968788153ed4,existing_case:34104940,case_number
1095,document,a154562976db5a9124dcdf7ae2e0951b149e4d3308dadf6d6ea151802e51d96b,existing_case:34121383,case_number
1095,document,9d818d9fd0ab42bf9b93d95cc8f558ba1414b26cdfac59426ee8a1f2b71b42c7,existing_case:34143444,case_number
1095,document,6f9cfd911a43653b55569619a2cacc791757effa133adaf29e3459b256626ea8,existing_case:34415532,case_number
1095,document,c91d9e0340f6614c88c95d6caff0d87193f8923da218dbc6b319c8852b5261e6,existing_case:34465050,case_number
1095,document,eb9bb346c77b76a278d306da48bf4372cb5db49b2416f8f2a7161a528eda4461,existing_case:3448064,case_number
1095,document,f370c80a5aeec0d514d473009fd1815a06368571f637991155b5d43e218a61a9,existing_case:3453324,case_number
1095,document,4d128ee886728f84e7ecff4c84d9552d6d9938f8cf5c9e22d7e0dc4fae19872e,existing_case:3486506,case_number
1096,document,ddc5c155c7926cf6d4fde8c656747124a070edb9a8ad34ba46a2b5d675d27bb2,existing_case:349847,case_number
1096,document,1b4fc21419c07eed59a8fe3a534eb21775afcc1ea21c66e45a726c501a33a97e,existing_case:3265958,case_number
1096,document,1e27e61eab5a53c1ec190088f5dab2f04fe58c278a6e88b1854bc88abdb22588,existing_case:3316760,case_number
1096,document,c7b86b0ee12d8bf32cc3fd610dc20a4d6a45ba10360f2ac65e8d511ae88b82c0,existing_case:3336938,case_number
1096,document,adf3ab3ab582e13b53b3e3bcf101b2d71cb2dbf8b0597cb3feea0b4b0228bba5,existing_case:3417873,case_number
1096,document,6edd082e1f9c4a2ccdeaeadb5a719b19d1546e24bd7b64d2cc2c46abf9d43670,existing_case:3423461,case_number
1096,document,627e054b74c6750122fbc8795c903d2a6a620d2ca8b16f545e0243a6fcc0cba9,existing_case:3429446,case_number
1096,document,9e87b5d0a67c9b429f05a4ec12b79c18768f1d482aecf755621b9f17922b5d94,existing_case:33644973,case_number
1096,document,d51c2a05bf8dd176ce0b6919e696e93cf3fa3bd82840a185a28291cfdec82a69,existing_case:34163330,case_number
1096,document,96ac3aa0fb1cd69d4869bae6e4d99543c0d8a4d6a0c18396a185d3130b5db377,existing_case:34243103,case_number
1096,document,54994424e1cf21bab11c4f4ade20b308b0cb454d7bbfbbc6712613c6892251e4,existing_case:34265411,case_number
1096,document,509762991d66dfbf67229c4b7851c4bbdb8402d8c5a10455c44f1096374d5340,existing_case:34308056,case_number
1096,document,12cab25d7d6a97558f363a3a28fbf05776a5136a7b9a3e42aec5e14070656643,existing_case:34323195,case_number
1096,document,65d45ab42d0d24611a0d8892e6e5f1f63046123018ce136cf39773aedbf16db5,existing_case:34352362,case_number
1096,document,b248b4d29773a6941675f3be22e20e36de18a47d356f4a87ca7f36daef1d9841,existing_case:34404506,case_number
1096,document,e151ebc76b5cb865e7ba96765ed12c04c05aee0223cc46782ab2de0cb8ff877d,existing_case:5896,case_number
1096,document,815f133bfd981fca64f0a7f8130cbda7d408d824e181c48c71165977a8a85b20,existing_case:7823,case_number
1096,document,20a98b740e509deed265083569600b45b9ad70129e8ee2541192fd5525fabfa1,existing_case:7881,case_number
1096,document,3161b4d7958c65bf06f9ebae6c864d8888cea3c288fae24e0c9de3c0d51e6c4c,existing_case:34266,case_number
1096,document,85e79ef9ce128fbfe3899d1ff707d6eb8bb754712d566c8c4af1dfd4f2e2021f,existing_case:344288,case_number
1096,document,c4dcfbd0d51b792074cebd9973ffa2503b4cff219dd1e789a4ee25dce998bdc8,existing_case:3259536,case_number
1096,document,79a13e08fc6a7f5073e795411344fead9c46d94d0f0cee05c50da806e5dce307,existing_case:3300695,case_number
1096,document,288d81ed30949a82a89272fda1f380d680cc4ed17051a828f16439d316b9cdf4,existing_case:3319993,case_number
1096,document,c4a9c97058b4b54db561960e6471c3b22e904033f08b95763e62a0c4aaa584c6,existing_case:3374553,case_number
1096,document,17b5f94424c6c2af9242758b02cd37308d9216e6044559179686e54385c45c47,existing_case:3410623,case_number
1096,document,6bd8aaf14fee9b9b1339d7e3de3d22da5fc90714a501ea258419cb50dfb4a79e,existing_case:3410699,case_number
1096,document,92e7c1e6547a34a92bf78a29705a8a5ba1c664c3488b2245d0ed025e162c467e,existing_case:3411277,case_number
1096,document,ecfd2fafdfbb7caf770b3fb23de47cb72a04bdba45d1071960dd9a4af7b5c503,existing_case:3414585,case_number
1096,document,1afbfb5d82e7793c24a5816cf53305ed53f30b4702dfe6cfb926b7b453e7a69a,existing_case:3414607,case_number
1096,document,7d555e10ac428a85b1360d5b7ab5a629852c3a76c923003e8981b9901438d848,existing_case:3416096,case_number
1096,document,0221799cd57bc6f21a984a3a13e9dc3a26985461802982b48c58bf49290a27f1,existing_case:3419990,case_number
1096,document,4b4fb0714bddc2c2049b4ffb51409ec9d27ae9b5fd8e969469cebc1de068f4d5,existing_case:3420255,case_number
1096,document,a62a4c98c1a29775f398cdb595e2f8440d43c6cff9c1fd42763414ac6eb8ba99,existing_case:3429882,case_number
1096,document,98ae3b66f79c1422ce79f4be211c11206384378d8864bbf798e679f27b7e3007,existing_case:3432004,case_number
1096,document,bd369188144f4238067d3666090ac426e870b33da404ce1a2f2b0c946bf41129,existing_case:3433546,case_number
1096,document,daeceb9b37e60e5a90c340fd4bb723eaa19af1de2cc198c5f2ac4957b99c5594,existing_case:3434976,case_number
1096,document,9e394adb0e3fc7c26755add8f37d1085f31b282f0be729bc40f3928fa835face,existing_case:3435959,case_number
1096,document,944603b2c89d701014c2572e6cfbe87bb418394dd6cabb54409042f78544b0d6,existing_case:3438013,case_number
1096,document,5c76b772c633726db511245a1c4cb45a11a4861f9cda8c65960cf9b5108b6007,existing_case:3438038,case_number
1096,document,dfc9ac347360cdbc7e24de6ea8baada95e38ae04cf33be57cd5b2dd552e84cb9,existing_case:3438064,case_number
1096,document,898966f2542dcf26bfee1e202cee288113bda44903ed77cafe2c3f404259c9df,existing_case:3438099,case_number
1096,document,58a5bd1d448f63f8cbe3e8cdac9a30db98bed7807b26fca595c3d05a2f90583a,existing_case:3438316,case_number
1096,document,f84595126ce65726b6837e6ec128396797570726b30e456b7c8d7a4af39d91f0,existing_case:3441372,case_number
1096,document,9732b94ca6e935086effeda64765c00d289cc972e280e2b570fa70486b29bb80,existing_case:3441813,case_number
1096,document,efb6242aacdc3216282f6860a6db2de042c3a003430fb67ea05ef5aeb200f1fd,existing_case:3452378,case_number
1096,document,cad7b33d1603a2954bec80cf57d93fae597c8cfaac792a7369969ba9252daffd,existing_case:3457390,case_number
1096,document,ac8b9b44f264385200fd8c46cc4542df83031fda24ca6a996dfa317b13c07a8a,existing_case:3457966,case_number
1096,document,dd87636a1ad1a7eefa6c03e458ff4fba586c4beca6c5d3a5b053ef12406e5f44,existing_case:3460905,case_number
1096,document,22e80c4b1bb26612f0366aa91a27bf0be81d2e602a3c06785889b4fe69086cfd,existing_case:3485137,case_number
1096,document,031b6652fcc27895a50fc766b23f3ebaaa0d37fb5c888914f305801fb2290455,existing_case:3493681,case_number
1096,document,e32f68f9b97172c14f4fe2bd93c522ec34ab82cbc552bfc243815ba3c0ed0a9b,existing_case:3496448,case_number
1097,document,78c307166d18bcbfe2f516fd69cdd4ea5cf93df395db56a33b69f56b6d5ce9b4,existing_case:3497908,case_number
1097,document,0ce71a7509db035082925c3548852f3d6e94eb879d0ecc398182ad3ef1056a9a,existing_case:32300716,case_number
1097,document,e2779ed31e7fbcdde3da0333b84053cca2a641e2e7043a9b8fe723cf6798364f,existing_case:32473675,case_number
1097,document,e6cf4dcfc081a741091ababa95104791d8deaa3a845273e46bfa3715aa8b1085,existing_case:33476118,case_number
1097,document,cea4a33ce12f35ba694b8582313d6d83b98b675bdfb98019075df9004fcc5b34,existing_case:32581355,case_number
1097,document,945ca4a27b3039b1b90bec47144003e9db3ad3974f57c76254e0aa86386fe98d,existing_case:33142639,case_number
1097,document,71d198c328a56ef4c65f14d94dfebcda9c1de19ed433c0d1ff8bb371ba189d49,existing_case:33179812,case_number
1097,document,9cd8a59e3e5560d5c07e4fe9fba72348fe4a530b6499b74dba238ddbb5ffe536,existing_case:33193027,case_number
1097,document,cbfeee6129548f039630af5b73be9195574bf659275017cda0df64bcb3f7f1c9,existing_case:33229721,case_number
1097,document,ebc53f3b929ed0e46f7ea57e61f934d5cd9dccc5cb3b7209071975a74036456b,existing_case:33296114,case_number
1097,document,fb3b2e2ad09761d31afe6cf1eb132d174ab4eedf6838fc6bf9b42b4ddebcc1f5,existing_case:33301404,case_number
1097,document,2bbb2e0a0deaece537e87f710f42685b669b3a4d6958ebf445b4bacbebcf96c2,existing_case:33345475,case_number
1097,document,b87fa0f7935318552987469039d4225846d831ace45f40c43c630b008c8602d5,existing_case:33385832,case_number
1097,document,51c960dc59efe87269136e647354699ff344d050a9647ae7d7c354210880152f,existing_case:33422213,case_number
1097,document,62fad383211e533a965618d61326b7f7f6c7092b258840ae8522ccc8c0e54871,existing_case:33427178,case_number
1097,document,46934da0d1f672bffc365c4f3fcadb7249307a53e3d2474c3d6b3a4287f5de91,existing_case:33473749,case_number
1097,document,4aac8138d5bf369208a363211e1961795bf9e2923ffead003b2219affdfaeab1,existing_case:33475473,case_number
1097,document,137b4385d93023656924f70cd2dfd95324ec81fcd78d1f2835b2be9cbdcf35dc,existing_case:33475860,case_number
1097,document,a98d5930067bf25c27694b533c0881a6857fac662eec832df6b9bccaba3faa3b,existing_case:33476048,case_number
1097,document,ee50412ad8721d43fe4edc4c8a2f41903a45e5497a16bc9c6524c04c9fdb612e,existing_case:33553670,case_number
1097,document,8d3880550cda57e0da972fd9e3246acb6c5feb59019a0834e54f6d6c596dc317,existing_case:33598578,case_number
1097,document,74171410dd973f3b8c758ae329c00067c8941d9698b67d2fd48d796a2baaa46d,existing_case:33606469,case_number
1097,document,7adcafbc8e4619faf3d01fa7062e02965fdecfe461f5647940e7dbe4234ad88e,existing_case:33606482,case_number
1097,document,658c68e9e4df51e5b8c3c53e40189214abb852cd387b21ef184c6df7ce726f85,existing_case:33608605,case_number
1097,document,29feec823d24ffff1fbb4cacd96af7d0b417176453e3de5b913167a627c40791,existing_case:33608728,case_number
1097,document,85914a852408554d6d7dc21c1a06b75db8e0c0825135f1279116a6a3eaede82b,existing_case:33611360,case_number
1097,document,424aff019cecba69fe198fdad020db526a30826f423a9b4ad2c192f5b7ed618f,existing_case:33611574,case_number
1097,document,d5c89e7693b2695a8a27e708858b482fc5be7de8093ebb024d27a759830c9272,existing_case:33612199,case_number
1097,document,001b146b639c0f7f28f55932ccd6dd3ee9a4cf84824da8b237392019cb594cea,existing_case:33663671,case_number
1097,document,86d2bfc65bd5fad601637d5b04208dbcc69ee9f55cc9a519b1e73b433fa6286b,existing_case:33707977,case_number
1097,document,e0bf4741bd82a1cd3447b9ccb4e05a0c28c21d07d2ee8fa1ca882950295b3211,existing_case:34111631,case_number
1097,document,ca42b10b6789e1468cb98d68973df63f4dba94aa6ca9a609ca2d1087662e9f2e,existing_case:34126420,case_number
1097,document,e66b964d24422fc424a761b4ebb6daf5a79787f4e3aa1092bbcfe9d4fea0a256,existing_case:34161758,case_number
1097,document,7de721bfeda69ae91481a62c18758422e980bf68f4292c8fce13c83142eea12d,existing_case:34163865,case_number
1097,document,7222bf0bb0f991f418a957bf1b2d3a8a2261b77bcc1c921456926563013d0c1e,existing_case:34165739,case_number
1097,document,fc0668ae997ddf4c8994e89c22c51cd5075bb974dd7251a055217bef647656ad,existing_case:34169514,case_number
1097,document,93fb3b5d3237bf502ed8d54ddf2d14d43819fb63721347a33aa112518bcefea5,existing_case:34171886,case_number
1097,document,9b71dd29fc199416c116ac2a66ec0c0cfec067a00c695477d5551e0a9deab7f1,existing_case:34171979,case_number
1097,document,2c4fbed819e3a1847a7de4335ed0d4488a6e2a2fa9cfedc6c7cba7aef6cb61c8,existing_case:34171997,case_number
1097,document,159842ca9de040b83439833c014fc5f91e65f9cb3c1e907acf61e1c2488c8de3,existing_case:34172437,case_number
1097,document,5981783ae1ca8102b33bd790968469184dc4391914cf78c34eb4de4fdfa8c2f7,existing_case:34176361,case_number
1097,document,7607d301e9081b00c28de4060c31eee335d31fe986051f6f0efd3a622f52c9eb,existing_case:34177257,case_number
1097,document,9d9a97f22b12e7406899bde3fc164a9df40b055ae5f330fb3cfcacb76ebe493d,existing_case:34186011,case_number
1097,document,5bd2e1027cad9301089d6dd8923a98daa705916e040c4a58f89e674aa59fb0ca,existing_case:34187484,case_number
1097,document,d6702befd858f3e8096452b85469a744dcf0c87579b40879c60146db118fd770,existing_case:34203476,case_number
1097,document,1c2a8a0244160fc03178ae8fb3d7ec64973c7a7122e09d023b7883f87f1de9c6,existing_case:34269340,case_number
1097,document,340cfa85892704c94e6444ab56827ad88f1bb7dba2d7ff732ef055ee493193f3,existing_case:34297291,case_number
1097,document,e2231af5c6897cec703d79ed50df5d7b9b8ac9b5d8fd7624f4ee9be2eededf56,existing_case:34299189,case_number
1097,document,2880bc9fcd057b3a9c9f7afb867e2780cef7f2b653db5c1dd791edaa3d9660de,existing_case:34306824,case_number
1097,document,fa4f8ac76fbc2d46423f83c8693ac0e1c422b14ddeea67b79169c9347ec7df98,existing_case:34328810,case_number
1097,document,2f874a3fb4fb7952b150a5a4320257e220c17093130120db03de64d8444853e0,existing_case:34337433,case_number
1097,document,a721ffbd29919a46b3b77e7c65b2888e30735b5ed02f7daa019ce123b711fbbb,existing_case:34393987,case_number
1097,document,efabbc411c35fa2c8496d153537ea99f8d50474761624a8c1060f2bd65fbc10a,existing_case:34440251,case_number
1097,document,0c797876c6f11eaee4285273cd43ea1aff9bd048570761a9c6435b9b9a3fafbe,existing_case:34446231,case_number
1097,document,6678b4721cc7221518ce8be23e50007ac2556798b97e168a64f6d274af3832da,existing_case:34523805,case_number
1098,document,57bd15e75e057c73413c8e411312e8d2ea5b906061d5ff84c2ab1d1e27daaeb1,existing_case:2403,case_number
1098,document,0ba0745f020d1078a05572eef0ce81c99af8e6851f8c54a464ececf695f85eca,existing_case:31742,case_number
1098,document,665c2f7ff2306d1cd31acbbed638882d69da4549d19fc9631c3e2ce357c45176,existing_case:341820,case_number
1098,document,7eaf42aa2c58d2d86cca470316474d8c307492af583f134ce5d8bd87533783c2,existing_case:349518,case_number
1098,document,4c4804be74d7dd844cf11d7b2b0bda0fba2c5575dea32e7809b7551ceb123efc,existing_case:349858,case_number
1098,document,c162628f767acfd62d444aed03172a87fae259e4fb13d0bd34bc88e95b6d253a,existing_case:3293909,case_number
1098,document,c9bc2d92e1ffce79afed06df8cc65d8ee187fb6c8aff1b8603cb774ef2e37e6d,existing_case:3381218,case_number
1098,document,95a36dcf60f6767b27a9e2a44625a4708fe376df94cd60c67b2c39ff7ea443e4,existing_case:3412332,case_number
1098,document,2993a94687de52e20b76a1933b1cdc81ac29e25996e7fb002d34c207d65bc725,existing_case:3415847,case_number
1098,document,3729e2022868abee7b2da8314b462b023cf200422dc706fe8911377a14f32639,existing_case:3419016,case_number
1098,document,a4094b9a4e7bcb0cc01a0e766d2ec1c6ee0d7d078d25158c7617322cc22f6e5a,existing_case:3422362,case_number
1098,document,86d136f1fbf2562ce602c396ae6a9168b51ecec6b637cd64d1fc0cad515aabb9,existing_case:3423403,case_number
1098,document,05720200236b7db5c63fef29206f6ca5cdcb884f3edd6ce34e1e89c0e136af08,existing_case:3426830,case_number
1098,document,807000b1e52918a484a0a63669b8d1c47665aef14a4968e3275b196a26d9584c,existing_case:33466373,case_number
1098,document,ab50e6f2dfc7bcceec18f84525a4d6cede07a9d58e6e40b98b24bc86beaa8482,existing_case:3440682,case_number
1098,document,41b989f0467542da235965335a2c290a4c2b7b8baa55ba6132d9c9ba0c7cc888,existing_case:3441791,case_number
1098,document,448b5912169a30c504666026718f6b8d751c6bc794265aadbb40acb92439eb91,existing_case:3446997,case_number
1098,document,40706dc66880b7e3e0fbe00d4704adda59f9bdd3e42fef1c4de1c2c3ee211f4c,existing_case:3450244,case_number
1098,document,95234a553d86ca28ff673447794c7f41f3054d27c17f82b5ac617598c92c460f,existing_case:3458657,case_number
1098,document,240805660b3cf71a480cee36904a7f281c2b323a89129876df1077d7a4812af9,existing_case:3469606,case_number
1098,document,e36ad3af6248271b28524f7df2045c88c9ab72108c0d9430e844b036055ccf22,existing_case:3470492,case_number
1098,document,80d37112f82a9d20bcd6bd163a9c35656cdc053af051a3b2a11e755bd704366f,existing_case:3477434,case_number
1098,document,2f4b36d868d78b22350b2c82f3cbc4fd7dafd4d290a586bcb495910021325aaf,existing_case:3481135,case_number
1098,document,07cdb115eda3501de42a1dd43998e68d8a5c7f7403dcb4fdd16d3b9917f04c3e,existing_case:3483974,case_number
1098,document,1f46e38dd95d88de10a58406b57ee07eef0e54fa8ff7a8ec0af9087e1bff1a87,existing_case:3485847,case_number
1098,document,623c604443f1cc4cb5be080747486297cf60e6279f7bf026aed59fdeb519ea71,existing_case:3492036,case_number
1098,document,b54f2e843e7368f86f52257d1fc30154646f8a993bc5bbc26185030eb444ab16,existing_case:3495436,case_number
1098,document,589de156bde89bb6aaa5ad350373fe645a4f3275a2f15819082fd758f7cac8bb,existing_case:32304970,case_number
1098,document,31f867b155b41e361baca1b2f5dfa400b128f1bdaa79ea39d32dc676bd786092,existing_case:32901007,case_number
1098,document,c979e2fe5ec08e664e5fea046b5d7fd46734f35adfbe8874bb642581a6ea6808,existing_case:33239945,case_number
1098,document,b3187aba4e3154be9c09f245ff3b86fb2ad3fd4747c910573cc5bd7d7c723355,existing_case:33266519,case_number
1098,document,d8c644f9f9213b6f16e39ca12e3c27fbb35fe8a7155c90c284fab90aea44939c,existing_case:33272516,case_number
1098,document,cecda7a805242936b5c9a0e2a6e4a43eb683c8a84bc126a663732c581833a36f,existing_case:33285095,case_number
1098,document,57b78eb24b3107f5deb25ffc4776cb0ce8e70d07151921571c6c8d35b841930e,existing_case:33344796,case_number
1099,document,778426c5e80aecae0454e1496218f175f6b285f62ad8e2720d71bebad51b9ea1,existing_case:33370838,case_number
1099,document,aa4e153ec1dee3e9a3792297f6901d85cb3b4b5650c2967d6c7e5a04ec4103e4,existing_case:33402724,case_number
1099,document,17b91b9b0f90cbd7e2a9c1f672676062df17e76032eb37ea51c8b6f84f811686,existing_case:33405805,case_number
1099,document,86f03b70063bb960e7377dcd2e1de96b8abbd8a16a78203b10becb008a297fbf,existing_case:33410920,case_number
1099,document,490140bda53b98c7d89120c83c54d0a935dfa660525b434a6959c9f1013617cf,existing_case:33420204,case_number
1099,document,5ab365833af788780926d705932789267d352b8a25b420e2adfcb0b3767ab7be,existing_case:33422254,case_number
1099,document,2851c905e613cda47c01ef72140c5ae536f39ca02fbd705b3725de003513a5eb,existing_case:33422610,case_number
1099,document,cba47cb47dde3393255b0f5f0f7c49fc15e19982652dc64fb97c6cb38281bc59,existing_case:33423920,case_number
1099,document,e21637c70161bc9586957b8b0aeac5bdd2f4fa57d867f86e7c7407867b45604b,existing_case:33443618,case_number
1099,document,d22f6e1013026abb397fd89740b09f33b3971cf2efdd7764c1bee3499cd633e3,existing_case:33447030,case_number
1099,document,7988aa69d97a27abf0de338e81f9a7f1f370b68474efea737fb22b9a10321ff7,existing_case:33453864,case_number
1099,document,63cb37243df465b14314ab870178618b633c6b0150bf460bbc89f5cdbb69073b,existing_case:33455562,case_number
1099,document,238d2ee8df0226b7c4d49fd2ce66e47eb3ba9af2987aab2467da735c6d630004,existing_case:33467488,case_number
1099,document,8966c63f1f8b78c7e80a4adc2ee437f949953bf2d4089464e4202ba53a91cbee,existing_case:33468056,case_number
1099,document,4c2898f0fbb9df07771f1321ce7c32da65fffc117a5e18f27cab26239559f835,existing_case:33475424,case_number
1099,document,172fc47efa3558201cd9392b045bbc2fa3bc78e06e0ec31a8bbe72aba502ba36,existing_case:33481973,case_number
1099,document,1335c617169f0292b8490b8e3c1117030d73a6b46c80959ff1b14670211c6f69,existing_case:33507446,case_number
1099,document,3dbb36cba1dd5c84ddeca15ac0b1339d600f66fe35278585ad1e317e6b1be4cf,existing_case:33513449,case_number
1099,document,c80cec6abff6fc50437da303bf746f8ba3faf2bce49c521d30eb3f516a437b61,existing_case:33535027,case_number
1099,document,1e4307f6a8ca985a2da8a85fb6325cf28d450cdba84def9378941b50df35a135,existing_case:33543638,case_number
1099,document,a0ae85366c807c6cdaf58328b498df24d63972a8657c7387dd569f50dd3d67ab,existing_case:33574679,case_number
1099,document,898b0db7edbde77914eb264b7b073663af14d716cb39f813cd57d02574909711,existing_case:33577847,case_number
1099,document,ef515c09ed55752f4e0c49fccbba0588b0dd59bc53ec2a42ed9e83b03fa503d1,existing_case:33586086,case_number
1099,document,8dbf9568698131f9ed3573d3709b61e00a7fbac415f7f383dd12a5e67b4e3b0b,existing_case:33622809,case_number
1099,document,44061b48bcf427e29d052debd7b992813284b57b800606f8c079506962d553de,existing_case:33627341,case_number
1099,document,79f4a4b1fc27ffbf8ac06f0f7c3e070839529e50aca078a3d06466f56eafd671,existing_case:33641969,case_number
1099,document,1d396e026ea74b24ee728405501df06fc91d9ddff21a886e856acdc7739ad1ac,existing_case:33645854,case_number
1099,document,0dada128faf3289b0322f7e7cfb7847ee28bf7d873181086be3bce61e5fb8d77,existing_case:33660093,case_number
1099,document,d869f01feaf948803748dca03e2bae1068c8701857aca06b2f93400b63cac63c,existing_case:33664886,case_number
1099,document,00c2264039666040f17480d82bbbdc3db63d7a676c1e0cbd4e6cec5c09407951,existing_case:33673162,case_number
1099,document,16554ced36ab47ee7dd8f24808a99e5294800e266ad63e6a33f72bb2c4686c3f,existing_case:33675151,case_number
1099,document,a6a7fd854699b1e548cc4ec53bda45c7ce696993cf4db72473ecf31ebe732a8b,existing_case:33678573,case_number
1099,document,e155514be9a4a00539d49f3f87d2914acf4191075c58b2730262be96c2b038e3,existing_case:33684837,case_number
1099,document,59d1843654fecc8b2fe80edf8b6f33037e157cf9b09ee91f7588fa7ca22dd0b2,existing_case:33685113,case_number
1099,document,2746adb7600a1344e625c0b142323ac8af1e8b14a0acd79c2da78dcdedc2f4b9,existing_case:33685705,case_number
1099,document,ed428d18664a4dcbdf87593d95e39fd8a481e5fc01d5be7ef8a15cbd527669df,existing_case:33689319,case_number
1099,document,64bea0ee4aada0a64c7d1929e51098dea480abc5a0b05ddd8f6bef42e81dd69c,existing_case:33696919,case_number
1099,document,1f4b28ec84060bbbdb7c00f24101a0f4848297e130c4477824f4d9d5ab12fc31,existing_case:33704208,case_number
1099,document,5dd97aa2acf7f4fea6869a46218ee0f135f944dc2c9bc1b5f921d461b620ffb0,existing_case:34104477,case_number
1099,document,9001954b8d6bcd04dfbc5f4143106d9bdb5f3e7bd804c5dfa2d4b92c7413bb6f,existing_case:34105417,case_number
1099,document,d5a71b915a7b2a0b36afbcadde58824ff6156b8a79552915f9ba35855933749d,existing_case:34105617,case_number
1100,document,7e3b8be0af1420c72bed78c23bb50fdf6da643d37d5ac1cfb28f5625ab32b9fc,existing_case:34109654,case_number
1100,document,65c0aa69d591e664343ffc4372a3d156708b165d7273710f855a1d86a0593cf0,existing_case:34113814,case_number
1100,document,98fb8b199b3ee52fae36b4d7523852f1ce9048615fc5c6dee0118430f04449ba,existing_case:34121025,case_number
1100,document,89030e5ac200a0b446b1cd029a377b37d73d4e3f8817ea4fd78ba10b2579addd,existing_case:34121107,case_number
1100,document,45e5c0027b30546c8d2a711fe127c404dbb59bc65c2de774e5efd91d39b97f54,existing_case:34124390,case_number
1100,document,3bb00a1f4c061ebf41622e39d4d474d9b94f2fc4f19eabf2a562b5fcf1ea40af,existing_case:34130755,case_number
1100,document,592e016618924c910e0f3274186026285afec5534c42c39c03ffe80ead146d6b,existing_case:34141080,case_number
1100,document,fe81731498514cc29a9f468e4c8ad68834d74420e816a85f408065b8ed3f7c5a,existing_case:34144482,case_number
1100,document,36bf8a67aafe146b77bb05566eee76be612cd66d528a46b974fe59ebeb1da436,existing_case:34148702,case_number
1100,document,bbead912e3d340955e8807f536ee581e9eefcc0c1dfcfff199985f598227832f,existing_case:34154644,case_number
1100,document,10819612f032594b515755e9b2d72ba1d8f41bdcd8a94e53addfaf1460a2f0b0,existing_case:34161373,case_number
1100,document,1fef2ec8f9fe8f8fe07052081069af1998fcbabae33a86220be5a28dd79471ab,existing_case:34162926,case_number
1100,document,ad8a7439e0a4910648fd3a039075bf9f51468f0170d999aae258338e1873700e,existing_case:34163215,case_number
1100,document,b9efb46d56c375e5da8d958502d62947bf353950871b9a3d902018035b7948cc,existing_case:34164499,case_number
1100,document,714fd7cbfe454966380d421428d6f3d6debafbb5cea4524bb30155389e756673,existing_case:34165108,case_number
1100,document,38b6a8dba351e17bc9d8e5f8ab7bd8248eefb4b0cc185ac7ae02e65fa110c401,existing_case:34167081,case_number
1100,document,9a87cebf0ed3b70b4aeb16e86a515e5c936e26876e689d1a6a172ce1656103be,existing_case:34167643,case_number
1100,document,abbdb9f9c055a5a397e31700caafc85f0941db6024952f0f5cad443481e8de93,existing_case:34171923,case_number
1100,document,9380d45e9295ef4c635c1b4f6e23359e964372310e9348a1745c041915fd8a40,existing_case:34172801,case_number
1100,document,3088ee2e6f04916410e6591b57d6eff09e855c4ba67488878ff2b61700942c0d,existing_case:34181757,case_number
1100,document,61d3e3a3a942de7782979abd09d01d228f405b3b631dd8b26c096f774444f577,existing_case:34215120,case_number
1100,document,e4d7e20ecb23e10dfa6bb4767ade11ca1aeb9230d05d7f9f8368f40d8a176791,existing_case:34224522,case_number
1100,document,0dbd9d14945473ea4de5c323cfbebf7f681a7f9c45244f635b7697e90cc681b0,existing_case:34224886,case_number
1100,document,7dae47205784cdc2d34616745ec46ac0650ba3a18e53f0227c7794ba240f8de5,existing_case:34242690,case_number
1100,document,f16ca797e3162fee1eca312a1ae90f26027724a52d46bdf427fcd549b11fc2c5,existing_case:34244859,case_number
1100,document,0b8a9b1330fe966b1d9f1dfe9029c2b856d440964ce3b0ed4203d66d57b4ad6d,existing_case:34255436,case_number
1100,document,f5745fe43a9ccd0fa06fe896e36705926c6b0b8ba8338a8a6b5a048726261e27,existing_case:34283189,case_number
1100,document,0d3958e3b06478fb22661ecd9254178557b376e6ce2321e7a876d38787624024,existing_case:34318880,case_number
1100,document,5badae502599ef9e58e585414afd45edb1c3548e2023a296fe0eea4b743c2ae2,existing_case:34327580,case_number
1100,document,d9e3a0dee5b1bfadf204d58a567650f7dd218d092533ce469696fbc86656ee21,existing_case:34360579,case_number
1100,document,c95c3937558d139d6ec9aad106d60d9a1ebeb357f667615c9ff1ed328e34c5ef,existing_case:34367823,case_number
1100,document,0bc1b134d7a270e009a12f03708518eca72f85f8c2beb448eed259261e583d26,existing_case:34407562,case_number
1100,document,f91c504d0b363dec74e5bacadc0f738ced4f5fd1b28b5cbb3f0e6618be87d65d,existing_case:34412328,case_number
1100,document,9787ec0d5f8bbb6d11c13ba96a2bef3490a042f116382040774541728bdc7937,existing_case:34470023,case_number
1100,document,2a9201701726ca5b1c32fe17d274f07181257cf8da4cd61448c172c501cff273,existing_case:34507098,case_number
1100,document,96529ebeddf901a74dcc2b148e6470d861426d4f2dc7c32aafd328e6a05df709,existing_case:34523570,case_number
1100,document,d1e80b3dc1fe8832b145ee62131b4f241ad825f231ac2f713f124fffcc072bcc,existing_case:34535671,case_number
1101,document,7a21ecd10d4db860e61b1d4ac4d198c13ee3c5e572ae4206e56eadcea44f88d3,existing_case:3466,case_number
1101,document,45c954c02236a540a2cc77efa230f3250edbe8b3cb073f8af1e39be1e0cbf1cb,existing_case:349674,case_number
1101,document,1ea15eebd74b13722d2f606f0d1dfe13e9367bcd9af033705b9c09a624c2815f,existing_case:3327661,case_number
1101,document,86e5b5a85306fe01e136edee4ba5d8f8292a520db492d98692cd31f7cdb14f12,existing_case:3405001,case_number
1101,document,417b4a52adaaf726c88e2006e7e142ca4672dee8c384a835a1c73ab7e5a52f4d,existing_case:3425142,case_number
1101,document,958062c21733ba1aac835c464982eb5fbce45ee554edc1956389d2b39b87169f,existing_case:3438818,case_number
1101,document,5f2096074a4cfc3bb3223cd587d50fd696761b85b9cafc2041f6ee153a4cbe94,existing_case:3445259,case_number
1101,document,5239e14828cbc24edd9cec49ca45a1914131045067c30710109f6c2a37457f8b,existing_case:3480271,case_number
1101,document,f2254fd9fa12d535878c9497debcda9719597bfcd98e88734ad16389b3d21366,existing_case:3481710,case_number
1101,document,3c4a45f58c5b922b5e0bdbc0ed17971fa1332aabbba7d702717e9c670cc408ac,existing_case:32240283,case_number
1101,document,fe5c88fbf8497de9751aa7289f51b3b418b7103e6399fae70c84157846a11024,existing_case:33395222,case_number
1101,document,2ea9760422a92e4bd6f2d14dd25cc04a4b46ee093199311b580fb7aa5ecc3dd4,existing_case:33612392,case_number
1101,document,2739d00e6e2599ce2ea7fcb87fe1d4cd8601be3cbcfc99be4ff1f2f815905563,existing_case:34113792,case_number
1101,document,7eca34c6f2dda4f42bb40e4e010b29d6db9631c7c8a705884e3e74ae9d4aa1c4,existing_case:34173942,case_number
1101,document,c54ea611292bebbeb4aaf4805b16450203986ec0e508221078287e8e5cdfcbbe,existing_case:34177238,case_number
1101,document,87ed0f875df36cb264abd98aaafa0a0b22d30e4db9eb34203726e1f427f6e0fe,existing_case:34177798,case_number
1101,document,bb53f9faa0f5152138f7c324279da19960329ab2f51d459ad03feab10c64c33d,existing_case:34210269,case_number
1101,document,06cdad593a62f95745decf102164d80243d01f21d27b1c023a8f7e5f5de585c9,existing_case:34212234,case_number
1101,document,e807f2b2d9a399dff966735f88e248796fad77c153fb344df9421a7b4e9b8c21,existing_case:34213894,case_number
1101,document,f7ecc04e9361f9d597716fc8a5fd0815622648f52c5f54c5cd1d1a924a341caa,existing_case:34227885,case_number
1101,document,efe1acf7bb48319f4c3c2dbd7b9e9b97a3618d8774b5cde689ef0fff2fe4a9ab,existing_case:34234381,case_number
1101,document,5706e647550d2edaebac150a5f5620351c16b1d402aefba36fd9b73348b21765,existing_case:34246869,case_number
1101,document,e21ca52df2e69be8ed0b97289ff9a698b6890567c8aace29d20fec9201f45101,existing_case:34277828,case_number
1101,document,410ed15932e3a291fe8d8210c7eeddd078a5648323999aa4ba340225a6c4bf38,existing_case:34302423,case_number
1101,document,47df065a8a07727fcabc3c617127a965c61fe4b41207eab306167aa3999a5bb8,existing_case:34303614,case_number
1101,document,f9b89020619c10f7020d8acca1891ee367201657830444357526faa096177e66,existing_case:34308204,case_number
1101,document,8a43db258bd5a4c5fac8f43acb41525dba2c23b4d0d2c23583c0fa2c3fc1a707,existing_case:34311632,case_number
1101,document,59241da4b0aa6693aa90fe1fe0014f8f89f2afa7b0ad254c9e20372155cb8fed,existing_case:34321084,case_number
1101,document,525f9b6828fdc16884c5f5551e37f71b197a5ba310f17609f36e2af0835b2f5c,existing_case:34324259,case_number
1101,document,5e82f3831768f3ea75566bcfd8c6ed52e928fec08871f687dd742756f241a166,existing_case:34328434,case_number
1101,document,3891534fb9da29ed0515edc11052888a88e170991243b3529c7d4c3b210dee24,existing_case:34417875,case_number
1101,document,af51dd27778aaa7511de9a1bef7c3355eed44345c42f8fbd924223e8c7e3630e,existing_case:34429612,case_number
1101,document,015a0f0aab15f6d60abe74ebd1fec8dafe3bd11fb943b5f516cde644c2b1c437,existing_case:3413714,case_number
1101,document,d7a33cd3a1ab518a04d1f5591f9da7e825d4a654d1c7fa4cffa1e132ab60e48a,existing_case:33677560,case_number
1101,document,dcbeb723106a0ad74c5b3ee6c221bf3253128c76853bdda88d25901ad3cbedb6,existing_case:34198551,case_number
1101,document,431c7334073ff5e7dc6112d4ec56a00b7bbc36bf6ea7e43e3dec32b953493a54,existing_case:34414600,case_number
1101,document,bdc9b574f38aa43101e5edb76760e72ca33a795deb45607cf4cebae77c8d37f8,existing_case:3411199,case_number
1101,document,32a877bc264d85d4d8d6c521f6015e4623fa8325bf547c8abff6f5aabb02589f,existing_case:3411199,case_number
1102,document,fe3b3b93ed1b0ece143f7ee5ffb68798301d6020e7d493b88845723b0a0704fb,existing_case:3018918,case_number
1102,document,119ff1f6f92150caba36bdf47db1b5e85a8b799ef8ca4506ccbd1d675e4cff86,existing_case:346565,case_number
1102,document,d6804425558a872c0a645b1805b5d2e940a22dd68e1340334fb118bf706e50dd,existing_case:3414182,case_number
1102,document,8b6c8094b0969f87e4bac883387871920ef47bf0d1eed41829ae401b9d8066de,existing_case:3427354,case_number
1102,document,cd137fe028f1a6c9e61495502ab4abc88486d9ae112da0c5c6b41318e48a8f83,existing_case:3437318,case_number
1102,document,acb1b937cdfc57153ac3de7c50932ebf92d62b7d582be51a4b07fcd2e754408d,existing_case:3440377,case_number
1102,document,cc184b470d8f5aae9412f72d699d2ef35fefc8b7f17f113354a1d3d6f6697991,existing_case:3493295,case_number
1102,document,8d430db0cebc1f1d514665e398d4e18839fc636e20c2281f28dfc7af0d6e9c9d,existing_case:32464220,case_number
1102,document,fd25172a55a17dd2aa3ac74809264b7f58d2c9292843e504e48acc3cdceb01e8,existing_case:32560705,case_number
1102,document,1c8aebb2d20b149cfa943075d645d3030fc9457a6990d9f6c995096f3d388a48,existing_case:33172110,case_number
1102,document,6a7bd2ef5ab15ee603ddf27d415a907cc29d4b160a1382a98aeb4f370a2298b5,existing_case:33254614,case_number
1102,document,98c164eb6d3a12e770e7a4db805e8138e3e9a123962c8fcea4e853acb6e3850f,existing_case:33261681,case_number
1102,document,58cf13b9d22af6e0017393094b90720b24f4af6eb5d3ea61f37f06ca24e569b1,existing_case:33393127,case_number
1102,document,3f223f692821e5ef9af522c93cc75277edef796ffea502f8698f24eea18bbe6b,existing_case:33397208,case_number
1102,document,486d85e7e48906efa241ace3b8218f2b2641affa831b3ac3cfe7f1799d2d256d,existing_case:33409909,case_number
1102,document,f46da0096132f0b08fcd4e314e6d2a9dc42cc1162868b5e4fd03a9e663dc22b9,existing_case:33458139,case_number
1102,document,116e8e86705b3cf07ea7c2a15e27a86e754d26c99f7815b64f34edfcfcd7b9f5,existing_case:33562319,case_number
1102,document,51dc48fbbb5ca3d7cc3d30d9bf162b64194b82d7b7fcffd8b934f4db8e67ff8b,existing_case:33567741,case_number
1102,document,260bbba997d932ec47e028a98b20ab7dd78680364409856919fd771b2fc951fe,existing_case:33620052,case_number
1102,document,e80ed2a34504bfe3e9efcc4da3d11b4aeeff2bc9f8a5e130f56af31b3d91bd2a,existing_case:33642986,case_number
1102,document,a9018cc92463a1f8dddacd6d905ba0c5bc2e0feeaae0b9e9adeb3789d90058c0,existing_case:33659760,case_number
1102,document,562bbe5dc4f05d1142707ad49c1049e12b09081ed23141491fa8f7240bb6c047,existing_case:33671988,case_number
1102,document,c3a112653adaa56fd429ee1ee3a6a9568e8922c1f04219678b5d8dd7558ed4bf,existing_case:33689202,case_number
1102,document,2b61957842284b8c0b23bb92b5e9b4821e44bc3b6c76f056eaad7648cae7290c,existing_case:33689550,case_number
1102,document,765b3c173145dc41defcd6f9a43acc2b80e9ba97fec9117c7512879db257c6ae,existing_case:33690236,case_number
1102,document,b6b178540f6eef4d78f3c717775915ce5816731ce662a70826854c860932abc3,existing_case:33695048,case_number
1102,document,43e435465fdc0545ece2dffeaf13d1541621b53c9a4d19697a8001175cdd8679,existing_case:33696803,case_number
1102,document,a8bc848420323bb7c5723fec3b041f1e914ea99145178ba3feaa7c835308f1e5,existing_case:34102152,case_number
1102,document,d98f609802f60de5cf20dc1971966c74bd668750de4487144d40c2df070b5482,existing_case:34105002,case_number
1102,document,fa868681aad50829f1bf547a9599a8b66902f556cbac348fb373445c99c69c42,existing_case:34108815,case_number
1102,document,f293f8fc05aae50dc8996e5424e86dfe0c0d400af69547b3cbcbb7c58bb53001,existing_case:34109074,case_number
1102,document,be2c6773d2a995bd25bad48d24c6813354290e87260e6767103369fba2cb0a97,existing_case:34114046,case_number
1102,document,165c0e54ba2abac784d9f3d78776cf5779e1cbcd4f25d1bd670b56e7edfb6350,existing_case:34121195,case_number
1102,document,6664d640e5a31c119d3e0db32f41068182dfd6dc8ce3a3cff2b227ab968e3bb1,existing_case:34121728,case_number
1102,document,dc8414f781137ae4b7c36d89c60d598a2dfd330881684e7b346c7049f05e41d1,existing_case:34137366,case_number
1102,document,6922d5ada6eb9fb94e3e8cb7523ab61dea0c1a031c432c01fe1ce7114bfe9248,existing_case:34283109,case_number
1102,document,a96e371412c7183488f474b06aea81641d46d978200830c7c3b428dd0c5f1a83,existing_case:34538622,case_number
1102,document,5d7153f91befe8611ec83cb7fb05bb2cc2a82ae982467f537d45f3aaa883f0be,existing_case:34786739,case_number
1102,document,2101f667a8c63c952391d5b878110ae1bb77987852abaa398025ec43d58cfac0,existing_case:3485932,case_number
1102,document,a9f35d8bb17558c7c266476452d38c34883a795546bd64348dcf193400c4c8a1,existing_case:33539297,case_number
1102,document,24f3fde8cd7a3256378b0e3661709f8b29ea81c6dc3303693efcf78dd601bc6c,existing_case:34150676,case_number
1102,document,9028b600edd6258243f326efcd0a4cb2da9c79216a4b8156a80a84af36b0d8e7,existing_case:34253560,case_number
1102,document,262da9dbb3b7b3363f160f3ea0daf68baddd6aaf6577dd093bdc0898497c2379,existing_case:32427909,case_number
1102,document,60fe821db94afb91786226dc8998949daa0d60a4799685682172a57c6a8d8e13,existing_case:33602310,case_number
1102,document,48d537273afb4e48b4b996dd91095c487103e33b13b3c5190eccc85b61601610,existing_case:34440661,case_number
1102,document,5df96a057477fe7117168ec7b1f0d61945e4c6e7d51cd3103c7bbfbae75ba06f,existing_case:3480222,case_number
1102,document,f7999f6bcbeacaac773b0ca37ed789224f7306e2abe47a99213e85ca60bf6ad6,existing_case:33702646,case_number
1103,document,915394a445ab5d9f98dc6f59e529223cc0085d15eb908eddbd802504f1ee0771,existing_case:33135559,case_number
1103,document,30125f3d7d27bc6492ae80c5b56215200ff5002ce17c65e3375eb20b4bd05fe8,existing_case:34242667,case_number
1103,document,e5c941814a1f3159b60c3c2d90d31709cef559b4a5faab2f7ada17022a44ce35,existing_case:34337025,case_number
1103,document,b8425502ccded52486cd1bb07e9befe0e592b2b369155b7b889f37aa9e0654bd,existing_case:33183096,case_number
1103,document,6c5d4a659fefc4f398276b768349ad3dbbb038914ceb21452a56ab96786c4327,existing_case:33400147,case_number
1103,document,875c4e40afa19b1d5d71d435a67a8e61e9946c7d60ce39889d5aa2f1fc967862,existing_case:34169778,case_number
1103,document,adfea14e642c5f36510bef0de3d0bac1305cb1b7a5862251c5a85d0011f7c10f,existing_case:34204737,case_number
1103,document,87a585b65cb45aa0298964b9a8a6332e45afe7ad6f5430550ca6778b8c1aa5e2,existing_case:3360241,case_number
1103,document,e7cf27d7a78f642c8c5baa634513df1bf91967dea4364de5c4372280cd3d77d6,existing_case:3452991,case_number
1103,document,858718709be123448adf57b80bb37b5bd8ec240bb2258595ece0db82612b1678,existing_case:3466086,case_number
1103,document,ddf36f3f15fde9334969bcc73ac18931a398f540fae98f3806c178e6ea2c335f,existing_case:33708489,case_number
1103,document,41cdff2c28fef5ccd7bb1e07eee001c0e3fddbfde895bab812cd18b0810facdb,existing_case:3426314,case_number
1103,document,3635fc884b38f10a7ca53fac01077c7d53fe8fb52f08ce18a31a126c826eb60f,existing_case:3428575,case_number
1103,document,024d2b4094575a17a918dccc0859fe6610ef98c86e6717f49ecd43154bbf70ad,existing_case:3478036,case_number
1103,document,84ab349629ce9431be2bd7da7b11d36680f8d0670cd57a35c743dd141fba36d9,existing_case:3481021,case_number
1103,document,2bd7dba8b4f912197ccd5b19d1162478822abf2eb58c0664d378303b8f91e85e,existing_case:33414189,case_number
1103,document,142d9bfb3718f26bfcbbef42fce9e5a6166d7d7cc2b54c67d999febef38f1ffb,existing_case:33349247,case_number
1103,document,ee4fb64b032736c68f0677babdb692348b26abec09669239559c4abd2407eacf,existing_case:34219003,case_number
1103,document,8aff39b64f873ee1d892fbf8c9bb993b0ea5abd6b969b955cc9dc9b907dfe8bc,existing_case:32164059,case_number
1103,document,6c79e26a8cc1fe3897a5a184a97ef3517b0c996a3659abebf4b0bf2a7a6c8aa8,existing_case:34278231,case_number
1103,document,0dc5845aaeb09a3242aed8e3a1f55df6b2d7b78bc7bf11f5f63c3f9b8d24f4aa,existing_case:34283626,case_number
1103,document,a72bda708182227ec95d4bbbe279b1261e56c2410a74c78c724a7e47aff72b5f,existing_case:3450649,case_number
1103,document,6f54fc1f624885c27319d9302b7b61d53a43e2cdfd4d44e7cd0c12cbb43b305d,existing_case:3450035,case_number
1103,document,c13a58ff7f158997aeeccc1824286148acd1f87fce02075f9565e1e5098dda33,existing_case:3455189,case_number
1103,document,4ae382897b75b8d6351efc5aac751714c7fbc606d868afd4a3246c0371e54c2c,existing_case:3466393,case_number
1103,document,452db9527a92dfc2aae4e91a2dde6dee33260f6c8e2f9f40c6f6667822f39552,existing_case:34143855,case_number
1103,document,225295c0cefcada60f82d566a1dd2c0d682bbf30acfcb65610c7f34441b090df,existing_case:3472907,case_number
1103,document,332183a2f5ff91ceee83fcb1525793dadd1716aae109cdee8205a98a3124a34f,existing_case:3480923,case_number
1103,document,210bfb1cd3aac87d6127ff7e8bb5bf3f9d9fbc2b0fb52946c4625b2b192acd8f,existing_case:33210632,case_number
1103,document,8dceea83b8bf3f6d6ec911e170c34c23813a9bddc807bf78e51be96fcc2c3142,existing_case:33687189,case_number
1103,document,2116a6aa6b503808470c25472bf577b1cce12aaa76c65f42ad0dc1e793431dc1,existing_case:33451003,case_number
1103,document,8a480fbca93b32dd93317161be39a1bbd901f1582841b1ba35330f4ed10112ae,existing_case:40304,case_number
1103,document,fc2541c05e5a1e02511a267845af353ff51478655a5f1dbba81f03d239c56268,existing_case:3477410,case_number
1103,document,0fdfdb34bd1d8182cf5c0daf819d8a8c29bb5c0769351cf329dac3ff5190960b,existing_case:33369022,case_number
1103,document,7178622819e34db943c998cd5d3fb4b3245b991a929430b2cdf2d4b4f3d86dda,existing_case:33510551,case_number
1103,document,b0fbc5128dd68fe9c09e2b6ff8567ec83b423ebb7e4b29b27782ed37acef37db,existing_case:34155214,case_number
1104,document,7f2764c115aeb56ee0f5840f0cfea336fb91591c1dc9221749b01039c40fca97,existing_case:34243045,case_number
1104,document,13ac1f746664526bcf192337f95f512812ab283441a689fa02feba6f7b3042ad,existing_case:33443348,case_number
1104,document,0c7fb56f12ac3e9a8612310a230585bb44887e9e39e627139c821ed7f9a9ebb8,existing_case:34237631,case_number
1104,document,1c6b6052ce7ec66a29ec097c2040945499623650b34a3b9faffe03400afe63fb,existing_case:33563958,case_number
1104,document,6b1f7020630cb86f150eb4b9eabf9b3878f54412b9239021da630db39d03b652,existing_case:33349638,case_number
1104,document,1f29a515a7d1dc0547af2e496f0d633d972ef7e4a4eebdcbd8585d82f222fc3a,existing_case:342326,case_number
1104,document,d4b7808aa34a2fed57ef7beb83289cb1f698d22df0746e46a0229cfe86fd84d5,existing_case:356163,case_number
1104,document,b636e493b0a1811d973f0cca29f4905171c656e7434b54670ef2bb1649c67e2e,existing_case:3333634,case_number
1104,document,3f2ab80e7e3811783bbc7be257a5b0203882ddbb0c36d0d5d0f24280907f6a10,existing_case:3352942,case_number
1104,document,4b9f8e3e3dca309f2396408da5a579d497fb0190dc1a5efdc6e53b50922299f1,existing_case:3366441,case_number
1104,document,fe15f75aced549e0c5f66f29cb52554879dd47b3fd79ab6e33e654c770382a4d,existing_case:3376429,case_number
1104,document,54783bf3547d2f558349838266c762f662980c7c89eb6cbf6f13bc1462c8fd94,existing_case:3440115,case_number
1104,document,fb190d75881e933cf6e1c453a474dd06fd82075b35907b6b63148ccdabd70fef,existing_case:33516801,case_number
1104,document,61c5f042cd17c114ea6d90b06cc0161ba7e431ad729b4a31842036863bf59419,existing_case:3452140,case_number
1104,document,78d1451d9f8e2dba0715f4e1e4bcb2012aa03136f062c190f1f124acfb9d44f1,existing_case:3464883,case_number
1104,document,0a0bd68772c7e55e277b84fed78cf7fa245583b800ec589f90e648782cd739f7,existing_case:3475727,case_number
1104,document,de5858c858acc2d6f7f8e1b732823b5d50c19e2a151ab9eefb1e4e71ff7870e8,existing_case:3483667,case_number
1104,document,621aff70e2ad500d45847e19db7ceb7f457fa1e60901876fca4135b55cec32c3,existing_case:3497072,case_number
1104,document,40de3a85fc0fc51a5033c903038e1d1538c7d14da65fdb7e4087b71aef5b081f,existing_case:32544933,case_number
1104,document,7654e9cc97332ebe7fd7d867a39428b44e6b0cc0ce4631c390ba48816872def6,existing_case:33107611,case_number
1104,document,9a32a716d40a564921b1404936729b964e4b3d76434e923670cb8e5950b358db,existing_case:33125542,case_number
1104,document,53eb91eb592a837bd8d2a74af841eb42983082287c8a511dfa196edafdf22d2a,existing_case:33171844,case_number
1104,document,2263230ec230317d4d5dd30ea16c7db14590d0db7838edc71f37c4a443695028,existing_case:33247078,case_number
1104,document,573a59b31253fcbcebe597734eaf68b7ba00bc0060afe5a30151eb9599df1512,existing_case:33272554,case_number
1104,document,070f91567153558700013ef901a137fe60deeeeb187d5877bce3bd8e73d4bc6b,existing_case:33347398,case_number
1104,document,7f5616c8086f03d22236fd80bd731cdeae28d001de73ff302e498efdab608fa4,existing_case:33417918,case_number
1104,document,c96963db984784ec59b57a6b54d06cc612e13d60ebc87ac69ab7531806c73702,existing_case:33423216,case_number
1104,document,b4c846e54b119afb24aa2b7a057ae5b1c7cdd3a267f7879deaf43643733ed88d,existing_case:33427209,case_number
1104,document,ed148bad8a572feb9a7876102d6a7e3b47fc6bc24e3cb27f732329c37ab06e5c,existing_case:33454005,case_number
1104,document,2d5af29c3408caff651de44294f906289f3d751ab14e32d92d923f5d07f42afc,existing_case:33463366,case_number
1104,document,0c54d65a8dc4a2af16fb366eb2a24d89258f28d09a83f898125cbf4c5c805548,existing_case:33467073,case_number
1105,document,c19091631289000148bb07ea70beaceff725406b6be516e8454deff2d3ab7f39,existing_case:33484613,case_number
1105,document,ea7ed4e434b39511351be88b66bb96771c2c9f62170d273bbcc5388d3bc59eb8,existing_case:33491322,case_number
1105,document,a80914aa9931e0c9f867f89af48789738d47a6488538ee6275f136173abe3e7f,existing_case:33556797,case_number
1105,document,12812ac5c7c4014af279b6dc7188643aea7906d88cb2e039e6f372b5b930c945,existing_case:33567286,case_number
1105,document,d1fc39741f5072b0010aaaeab3d48fc33998c8d17a204060b498bc822928fc64,existing_case:33581292,case_number
1105,document,398bbb333c368a142dae8815d45ec7ac93779f12aa21ab08b62ff44ec62f772d,existing_case:33589234,case_number
1105,document,eb3495fec211da3653734426342da11f716d51bd5725ce607e2c345e3a5bdbac,existing_case:33589804,case_number
1105,document,deed2a83d5e5cfe974efd2f673c2542a41fbd9be516d6c7ae9f518c3070a41ea,existing_case:33591190,case_number
1105,document,c3aed2f20bfc427f76e3b69ca6467880c33caaec37f4d86bfae8c6d6b5e9923d,existing_case:33595551,case_number
1105,document,ec5e79bcca34de194f1a45b0e47b483910e392003a3f24f729383017220f5b26,existing_case:33600835,case_number
1105,document,02c7e71f3377fd6508e15d2c55faa1a25cd01b01990ba47768978edfe11cfb71,existing_case:33601903,case_number
1105,document,aa7e4ea0f0fca6d1985c6db24716b722f1adb8b77cfaf9f71b0e2965fe69f592,existing_case:33604661,case_number
1105,document,bb8e0a0c977507ff5fe5e8cf6f602ccb8c2d2aa7de761a4a3fbc7bdafb857bc4,existing_case:33611773,case_number
1105,document,32d837bd244ac19c2eaea081e1ae59df739b5f53565ba82fd9511d18209b15bf,existing_case:33615824,case_number
1105,document,44d51224fc367183d190aa959466e646f184f50e2d8aaa7e2016bf029552ae67,existing_case:33618702,case_number
1105,document,2353dfadb8fd3cde57ecc3688e0233c157351f7c22e4b5417a602a06298e13e2,existing_case:33619160,case_number
1105,document,c7170238becd2483026a62ce6be9bf0d3e6e617affb4efdf10967ea85541b57d,existing_case:33656547,case_number
1105,document,f1a2252fa5f70ec48fadafdce1754f6b9466c66bad68068f15f1ebb972135176,existing_case:33669150,case_number
1105,document,eb5b90ba1c74096b986359d4f4e7344e33dbdf6b973e0bf18cccdf9f7772b989,existing_case:33670030,case_number
1105,document,7e61d3d92b3b34a192b348902af2177d6add010c25f2894a952c7d975f06a624,existing_case:33672049,case_number
1105,document,020ef13bf9a4fef683e58fafb5763eef9baed380b81462277022c5478bb2e20b,existing_case:33672219,case_number
1105,document,75191b1d4d02cb8c7d8e93fd61f3312149c72d72995559afcfea16164640e253,existing_case:33675694,case_number
1105,document,58a15e6ee9aef0817aa4317cb91103973230aed86e8ca0d7d20ab553c3c51963,existing_case:33677954,case_number
1105,document,31cef9200c0d96620db3d0350540c05dd4d061f35958f4ec5d6e42bb23b327b3,existing_case:33686663,case_number
1105,document,1fecf7ca4d5c7e444807a47411b052c00098ca2817ac1f37a52470b707deeb18,existing_case:33687118,case_number
1105,document,24b6e8ebe977038cad0fab2a95dd3110162a41fd592f552427dd49c38a9bb4d8,existing_case:33694683,case_number
1105,document,404e17b2e7b76572ad140ebb6cb3e70f7c2a7609ea169e8407ca4db4ad7ae74f,existing_case:34167067,case_number
1105,document,0feba1ce6920037bd7e90dd575838389990dd808b5822ad475c2403c1ce4cf36,existing_case:34200198,case_number
1105,document,8247710ff039ac201379810e69d0d8b9bdf8f85d0f88ab61ecd73557fd8144fe,existing_case:34211011,case_number
1105,document,be1bbb33c60075b570190c5e1e19bc47ec3fbca6129e6432ae64a0e1d90057f8,existing_case:34214538,case_number
1105,document,54a7db78deecbc78e8442b163ead3af2c2097fe66f6d849bf3e043d964201b08,existing_case:34478707,case_number
1105,document,2273a2ff8c43ba9f1772e48effc5691d1296866edf98f9a9e4f8218fd8c28a4d,existing_case:34489903,case_number
1105,document,01615f4fa1776d027505ced4170fc5097184128ba1e47631c85d3fbf8f3c5155,existing_case:34540463,case_number
1106,document,4271839b6745f560f6aa449908308a818151c12e4d1ac071341e49652d2c572f,existing_case:4579,case_number
1106,document,ee501b0220694b1395420a49d23768ae9aa44159d633a0c00a8110678b836dd9,existing_case:3455426,case_number
1106,document,a70f1558691111ba19955131ff0854137463095447c161d2153778f7a9b80c85,existing_case:3474572,case_number
1106,document,d65f35c48aa1a84f15bf10e612f00a626cc16bfc60966e0b6fc0033cf9ef03e8,existing_case:33351384,case_number
1106,document,2e0fd48fec0a28041bd6483102e76b841e4be6ad70449d039f1e677321a06754,existing_case:33256253,case_number
1106,document,23b18307705483ed0a1eb31d9bcbbf23718f00b73df59d62108d6590a474a59a,existing_case:33568526,case_number
1106,document,b773466387e58903c66482945f6298da612e3d8f606bebffd71f0e8e09643458,existing_case:3311159,case_number
1106,document,800a6f25e7f641529c0ace056a0747e4674d390e96123d64d6a1d078d4ed5ac2,existing_case:34334605,case_number
1106,document,e85bb9b42743ced21d78e0decff1980ce7f81fbe402eedd9d94dd7c8d605bd35,existing_case:33642111,case_number
1106,document,941e9309e2bb25d95f7203b0e4cc13e81b7aafd533b1579bf1cddc4215e1a947,existing_case:34157003,case_number
1106,document,3da433b55cf604e8d459950fb9b6a669dccc7d57d6212c6503152938f545b20f,existing_case:34168877,case_number
1106,document,1c4c4a560fbd9e9a6307367f5ae95c8ca1ebf202e34bcba396f3fbec2af94c0a,existing_case:34204648,case_number
1106,document,12a6fae2c248e84ac3e2b166d8505732cef27baed1985c70e9a6c0a2eef33a93,existing_case:341961,case_number
1106,document,0eadc621e8a1c04a3f54af8829eb340e90e2ac0f903f6856451f44c7f0888a88,existing_case:3470780,case_number
1106,document,43399400dcc19634b811fd863fa1b2be74c36cfd0d8480d3b3c4157935da496c,existing_case:3483544,case_number
1106,document,d8e2e4f2a6c8938ec1f935052c09c3524a0a5c61086fdd7f7a7d80ed588d7cd3,existing_case:32320638,case_number
1106,document,170c6a2188e92d14bf6dcbb93cd49db86c1747adc90742c6824b0953dd2a43d0,existing_case:33399702,case_number
1106,document,5d41164e31a8198df3b44792c0da92dc9e6f2278ab908a27fcc0fa3dac1f41dc,existing_case:33553652,case_number
1106,document,823085310d61c41c1482b45bb35219f28fa6aa22bfa4e12b362e4c4c18753d18,existing_case:33572047,case_number
1106,document,73ddc3ca22413e36ffeb9f3419e7adcebdab3b5c3e4725f38eeb51c077b034f0,existing_case:33581946,case_number
1106,document,640284135138a63ad0c877e143468b6b9ad31d16b892224703dc73e9f9f5d618,existing_case:33612676,case_number
1106,document,a7c047dba8916b4ea00bce7f02bdcb5a2c74009eab7a4a30939b2831b8a915d0,existing_case:33694641,case_number
1106,document,195efe474c605654930907ec1baad05c8cfae0a5a59aeb94eec48e6c8fe1408b,existing_case:34100345,case_number
1106,document,2d36ba58915ac46553880619b75681c039486e336881e4f1ab5c908fe7657d4e,existing_case:341974,case_number
1106,document,aa4e29fdae91beb24bbcd184e6e76856e08ecaa25c9c8c29323740a4d3957352,existing_case:34197926,case_number
1106,document,537c1b49694852d40224f76ae9e82189d19ebf4f9c373bbc3cccaa2d6e8a0981,existing_case:3350512,case_number
1106,document,32b134a04ba780b867d105f123d83bdf194efd57f34c9ade8f03b889c2404096,existing_case:3417710,case_number
1106,document,3a1001ce34b0ada68abd293b53f1249085bf2c1fdb09c2b5187bfcdf6539ed96,existing_case:32421641,case_number
1106,document,590ff5760a71a9b6f83528090f48034bcf5e00b53e8cdff422725802df5c5d0f,existing_case:33189347,case_number
1106,document,df44ab1e04e153ac8952e56b0465bf3c2fcd69717673499d305938658a9d6c71,existing_case:33457292,case_number
1106,document,555c7f492542b58b9f547328236eaafbea97c76f85cb78fa4b03e997cf0a6db7,existing_case:33463853,case_number
1106,document,1f6b3e7ae5ca19748f89a7c15d054d983fc1ab64c2a61c7b035420aa2f99fd94,existing_case:33661865,case_number
1106,document,e767538329bf4daa1084608f0a7d9d22e20e0940b160bcb5df4e38643e19b2f4,existing_case:34113973,case_number
1115,document,5ad3f53796f255a942766926471a09d5e763552b88d68c1aac87791eb68aa4b7,existing_case:34239134,case_number
1115,document,9ee6a2057a52cd3f4c77f9caa2de2d68b5ab9e1b41e2e57cacfd15a232e97da3,existing_case:3494221,case_number
1115,document,7c0ed94a2dd4e984943e5b1f3c9351a7e70000639177548aca976a3ba1cf3ce5,existing_case:33306860,case_number
1115,document,6df9ac17cf6f4d644a6a88340ca790325a65655e279af6b553c77a63cb42f9e7,existing_case:3426387,case_number
1120,document,9dd83d5d96d3bf90cf6bc38bba690d97ffe10ca79fb61f8d58997b87ce48769d,existing_case:33704224,case_number
1121,document,838deca70f190924654441fd02aa52010b4d0c9bc56583ee66e3e6dcc5f3b623,nafa-132-1-2756,exact_normalized_text
1121,document,bb0ed80c7b861e6f24ed1240c6d4f9895ecad61be00b3b5a7a3c7f21e042e6b8,nafa-132-2-34357993,exact_normalized_text
1121,document,6f47f8a7f9ce1d9a0c5348cff2f55c59ea6b490c15e9653a0ea3e1daf3684600,nafa-132-3-352503,exact_normalized_text
1121,document,f11a9e1e1ec503c24c5926ccd9e7b37a7223757e544d96ab3aa4bd60521909df,nafa-132-4-35548146,exact_normalized_text
1121,document,7b09ae3908b3ca18b356fe3e36d5af0b84bb791b3c484cd2b9f471e545bf798c,nafa-132-5-33442482,exact_normalized_text
1121,document,b76df6a1a2b221a79709ce1c587d287e3762b5087ebfd537f86092793dc3c0ee,nafa-132-6-34229675,same_legal_identity
1121,document,e81c5b6251ecafc905677f6776c994cf26403ce08cb895fa10bd529ffac15a1a,nafa-132-7-3334763,exact_normalized_text
1121,document,8a6da8a5b271980e93cc8c64e95e93bcf318b213d176fe0937e156a4447adaac,nafa-132-8-33283844,exact_normalized_text
1121,document,33ec098d1b7bfe3815df6c09c6273cde55a810c5c0b68e9adb04aed021d0ef94,nafa-132-9-35128980,exact_normalized_text
1121,document,d78ddf82cd0b80b94761d90337bf737c601664aa06e67655a407161bc6d99c6c,nafa-132-10-3488793,exact_normalized_text
1121,document,dc31320027d3bc26e33ed0d8f93ce948e5e5db9598d3c32a86c0023eab730698,nafa-132-11-35156837,exact_normalized_text
1121,document,30a5234ede9e4df3647ef4b2a8e3e5919af1e997e515f3b582bc2e075a34d04a,nafa-132-12-34510061,exact_normalized_text
1121,document,ec26c6b2bc38cb22cec4a96ecc43fdb15a032b55698ec788fa77faa39203fb9e,nafa-132-13-34542901,exact_normalized_text
1121,document,9ce05bcf2abcdc3249506cf0d0cda574ae9b456a56fce47ddc3911149acce175,nafa-132-14-3562704,exact_normalized_text
1121,document,22c6fa2c6a47c53f7e01012537f0347a51b0ac029da40d546249818559c93db6,nafa-132-15-34484764,exact_normalized_text
1121,document,60e1fc2c35f1894e5f0d4e9d8651a9337811814874972e4c3ff934887aff468b,nafa-132-16-3585077,exact_normalized_text
1121,document,b750c4e9a5340e60fe00c104b9cbf15058264ce302a2bbc241d5e925cea06e28,nafa-132-17-34530643,exact_normalized_text
1121,document,5c952054626749101f2c0d134c02bd073f97dd328265e38ae14b88c3a74d18fb,nafa-132-18-35341497,exact_normalized_text
1121,document,0e279dd2826d0f1be279517dc2726f7c3ed731df901b24dcbc41b6755bbd79e5,nafa-132-19-34492029,exact_normalized_text
1121,document,d90b6babc02503158268c59a90f77444ccc1dab83956c73978b426135007cea1,nafa-132-20-3540891,exact_normalized_text
1121,document,71502bd99316ea406d94bc5e88e9d40c8fe73021cfadde2b6232cd291495cd55,nafa-132-21-35129615,exact_normalized_text
1121,document,aa698fbf13bb03dc40a9b9aff9bf4a4e1177a2a276bd83a7d1edb4e3470b8d3d,nafa-132-22-34325502,exact_normalized_text
1121,document,854bca816af71ffbe14b10c5dc6842c28393c4925bbaa9d739144b034136be7c,nafa-132-23-34316397,exact_normalized_text
1121,document,8663696a5ccb8e31d658db0c297d9b2dfb67025a7dd975fdb328e6dac1782137,nafa-132-24-35203271,exact_normalized_text
1121,document,195806bb849e734d6a8d930e4b3bfe292c77500a6d149ec6f88f1df9708ca265,nafa-132-25-35393175,exact_normalized_text
1121,document,b5ab82dac81211468ad4ce393028dc5aadc7b05fb474b4b480236cef428dd7bc,nafa-132-26-34451564,exact_normalized_text
1121,document,0b6e4c965fd920edf13ba0de24c2922a99d8c751c7ea680db50cb32ce90b0d84,nafa-132-27-35135174,exact_normalized_text
1121,document,bfdd146fa281f2b2fc0556723f030c3408bb8e4b6e106141993f7537c8e06c58,nafa-132-28-34432550,exact_normalized_text
1121,document,f454be0facdf3cec84d5cae1d36f71504db43b4b34e6349ecadc9893182e3df2,nafa-132-29-35262086,exact_normalized_text
1121,document,9982ee321c6c6ce99cc7fdfc9466c936a8c389a642d002d09cd32f97fa71949a,nafa-132-30-34188800,exact_normalized_text
1121,document,e2ecd6745db8be87f54d90d0b607e5f10334be66409094091e187ebfd9f02f81,nafa-132-31-3424404,exact_normalized_text
1121,document,3c5bfc6b59b5cede352c035c7ab5db47eb08451771e5da2d793b4f8044b553fb,nafa-132-32-34421434,exact_normalized_text
1121,document,f5ebb71835564afce8b1f66d523017a30d312d33e3bfe80d08815b9ae60ab29f,nafa-132-33-32472596,exact_normalized_text
1121,document,b825a33bee1969ef51900335d23f27999bb81e7b4f8c69a5a8c9215e8dda9a4f,nafa-132-34-34238909,same_legal_identity
1124,document,bbac73fc3b837b9033e2098d531b816e50f400e05ec1a481e2f6144aaa75a60a,nafa-1124-22-34340717,same_legal_identity
1124,document,c2bc1c3b9e2e8316cd466eb6ae8fda5d053f1fb6917548841f106a73c7b981f5,existing_case:34496030,case_number
1139,source,f999ce528a6343b2cba1c5ee69be0fb9ff82f51bc49a7d8738bf52f750bcae7c,899,exact_binary
